"pats_patient_study_groups#study$number","cvbru1_comorbidities#visit$item","cvbru1_comorbidities#disease$item"
"1","A","? COPD"
"1","A","Anaemia 2: To diverticulitis over 20 years ago"
"10","V1","Probably PH"
"10","A","Hypertension. "
"100","A","Prev MI coronary stent"
"100001","A","Massive PE"
"100001","A","Emphysema"
"100003","A","Arthritis"
"100003","A","Myocarditis"
"100003","A","Bilateral knee replacements"
"100003","A","Asthma"
"100004","A","Malaria "
"100004","A","Bilateral hearing aids"
"100004","A","Sciatic pain"
"100004","A","Reflux"
"100004","A","TB fused right hip"
"100004","A","Sciatica - Lower lumber region."
"100004","A","Disc prolapse of C5+C6, C6+C7"
"100005","A","Polymyalgia treated with steroids "
"100005","A","PAP 64"
"100005","A","L & R Total Knee replacement"
"100005","A","subdural medically managed"
"100005","A","Vitamin B12  Deficiency"
"100005","A","MI - NSTEMI"
"100005","A","Rhematoid Arthritis"
"100005","A","Mitral regurge"
"100006","A","cervical carcinoma"
"100006","A","Depression"
"100006","A","MI "
"100008","A","PCI to RCA "
"100009","A"," Angio stent to LAD "
"100011","A","Previous bilateral carpal tunnel syndrome"
"100012","A","Angina"
"100012","A","repair of tetralogy of fallot age 7"
"100013","A","Interstitial lung disease"
"100013","A","Left and right Groin - Hernia repairs"
"100014","A","Hypertension"
"100014","A","TB fused right hip"
"100015","A","M.I."
"100015","A","Angiogram"
"100015","A","Hypercholesterolaemia"
"100015","A","Haemothorax and rib fractures."
"100016","A","GORD"
"100016","A","Hiatus Hernia"
"100017","A","Reflux"
"100017","A","Hyperlipidaemia"
"100018","A","peripheral vascular disease"
"100019","A","Hypotensive"
"100021","A","Agorophobia"
"100021","A","L + R Cataract surgery "
"100021","A","Bechets Syndrome"
"100021","A","Abdominal Hernia"
"100021","A","Angio 1 Stent "
"100021","A","ASD"
"100021","A","inferoposterior MI with VF arrest treated by PPCI "
"100021","A","hayfever"
"100022","A","Seminoma of testis "
"100022","A","Mild Emphysema on spirometry"
"100023","A","Pulmonary Fibrosis"
"100023","A","IBS"
"100023","A","polycythaemia"
"100024","V1","recurrent SVT"
"100025","A","syncolap episode. facial injury"
"100025","A","Diabetes"
"100025","A","Varicose Vein surgery R leg - 10 years since"
"100025","A","PCI "
"100025","A","MI "
"100025","A","Total R knee replacement "
"100025","A","Osteo arthritis"
"100025","A","Gastric Band."
"100025","A","VSD at birth"
"100025","A","OA shoulders and neck"
"100027","A","Varicose veins with thrombophlebitis"
"100027","A","right heart failure"
"100027","A","Diffuse large B. cell carcinoma "
"100027","A","long standing history of renal hypertrophy"
"100028","A","ANTERIOR MI"
"100028","A","fistula left arm"
"100028","A","High Blood Pressure"
"100028","A","Hyperlipidiemia"
"100028","A","Pneumothorax (exact date unknown)"
"100029","A","Hypotensive"
"100029","A","Antiphosphospholipid syndrome"
"100029","A","IBS"
"100029","A","Raynaud's Disease"
"100029","A","Angina"
"100029","A","Raynauds phenomenon"
"100029","A","Pulmonary Arterial Hypertension"
"100029","A","diabetes diet controlled"
"100030","A","SLE"
"100030","A","PE"
"100031","A","PE"
"100031","A","Gastric Band "
"100032","A","severe pulmonary hypertension"
"100032","A","Diabetes - tablet controlled"
"100032","A","Kyphoscoliosis"
"100032","A","benign neck lump"
"100032","A","SVT - symptom free for 10 years"
"100033","A","Systemic sclerosis"
"100033","A","Osteoarthritis"
"100033","A","Breast Cancer 20 years ago"
"100034","A","ANTERIOR MI"
"100034","A","Pneumothorax - ? year"
"100034","A","Bowel,stomach cancer"
"100034","A","Hiatus Hernia"
"100034","A","R pneumothorax in her 20's"
"100035","A","Scleroderma positive centrometer ANA >1:640"
"100035","A","CT head = NAD"
"100035","A","PE"
"100035","A","acid reflux"
"100036","A","deafness"
"100036","A","Asthma"
"100036","A","Hypertension"
"100036","A","Massive PE"
"100037","A","Hiatus Hernia"
"100037","A","PAF"
"100038","A","Epilepsy"
"100039","A","PE"
"100039","A","MR"
"100039","A","Systemic sclerosis"
"100039","A","Angina"
"100039","A","Bowel,stomach cancer"
"100041","A","Hypertension"
"100041","A","Brain Haemorrhage - subsequent epilepsy - migraine."
"100041","A","Cardiac surgery in infancy aged 4 ? septal defect surgery"
"100041","A","COPD"
"100042","A","Probably PH"
"100042","A","PCI  to RCA"
"100042","A","Atrial Fibrillation"
"100042","A","Chrinic pain from sternotomy scar"
"100042","A","Angina"
"100042","A","Diagnostic Angiogram"
"100043","A","CABG"
"100043","A","Reflux"
"100043","A","TB fused right hip"
"100043","A","Systemic sclerosis"
"100043","A","Osteo arthritis"
"100043","A","LV hypertrophy"
"100044","A","High Cholesterol"
"100044","A","systmic hypertension"
"100044","A","polycythaemia"
"100046","V1","Mitral Valve Prolapse"
"100046","A","MI x1  - Q wave anterior infarct"
"100048","A","subdural medically managed"
"100048","A","PE (12yrs ago)"
"100048","A","MI "
"100048","A","CABG"
"100050","A","Hiatus Hernia"
"100050","A","drinks 70 units a week"
"100050","A","* CXR =  bi lateral basal crackles IV augmentin given on ward. P3/RHH"
"100050","A","Cholecystectomy"
"100050","A","MI "
"100050","A","Depression"
"100050","A","Insertion of PPM "
"100050","A","AAA repair"
"100051","A","Asthma"
"100051","A","CKD Stage III"
"100051","A","Macular degeneration "
"100051","A","Hypothyroidism"
"100051","A","Aortic stenosis"
"100051","A","Diabetes"
"100052","A","Diverticulitis"
"100053","A","Alcohol induced cardiomyopathy"
"100053","A","IHD"
"100053","A","DVT"
"100053","A","Measles as a child."
"100053","A","Peptic Ulcer"
"100053","A","Poor LV function - ICD fitted "
"100053","A","L hand contracture - surgery perfomed to release this 9/52 since"
"100053","A","raynaulds"
"100053","A","Hiatus Hernia"
"100054","A","Lung Cancer"
"100054","A","Bilateral knee replacements"
"100054","A","IHB Aortic Valve disease (Rheumatic fever at 21 years old)"
"100054","A","Hypertension"
"100054","A","STEMI - PCI to diagonal (instent thrombosis)"
"100054","A","Raised Cholesterol"
"100054","A","Renal Impairment"
"100054","A","Long term Upper GI Disphagia"
"100058","A","MI "
"100058","A","Hypertension"
"100058","A","Peptic Ulcer disease"
"100058","A","MI x 1 "
"100058","A","Hypothyroid"
"100058","A","PPM AF"
"100058","A","Positive Family History"
"100058","A","PCI  to RCA"
"100059","A","CABG"
"100059","A","GI Bleed (when taking aspirin)"
"100059","A","Previous stents x5 (RCA, LAD and LMS))"
"100059","A","throidectomy"
"100059","A","Primary Biliary Cirrhosis"
"100059","A","High BMI"
"100062","A","cervical spondylosis"
"100062","A","Scleroderma"
"100062","A","IDDM"
"100062","A","severe COPD"
"100065","A","Raynaud's"
"100066","A","gall stones removed"
"100066","A","Hypertension"
"100066","A","Mysthenia Gravis symptomatic "
"100066","A","Bilateral ...."
"100067","A","COPD"
"100068","A","ongoing productive cough"
"100068","A","Pulmonary Fibrosis"
"100070","A","Sickle cell anaemia"
"100071","A","AF"
"100071","A","Hysterectomy "
"100072","A","gallstones"
"100075","A","CABG"
"100075","A","polycythaemia"
"100075","A","Mastoid/sinus problems"
"100075","A","Fatty Liver"
"100076","A","Hernia surgery 15 years since."
"100076","A","Pulmonary Mycobacterium Kansasi infection- successfully treated (approximate date)"
"100076","A","Measles as a child."
"100077","A","Peripheral Neuropathy"
"100077","A","CVA "
"100077","A","DVT during pregnency 40 yrs ago"
"100077","A","DVT 7-8 years ago"
"100077","V1","MI "
"100077","A","IHD"
"100077","A","Hypertension"
"100077","A","Hypertension"
"100077","A","Osteoporotic Thoracic Wedge Fractures"
"100077","A","Pulmonary Fibrosis"
"100077","A","Itchy skin ? Psoriasis (takes Mizollen)"
"100078","A","Raynaud's phenomenon"
"100079","A","Pulmonary fibrosis - NSIP Type - had lung biopsy"
"100081","A","Dermatitis = uses creams prn"
"101","A","Chronic Idiopathic Urticaria"
"101","A","Chronic renal impairment"
"101","A","AF"
"101","A","Type II DM- 6yrs"
"101","A","Aortic stenosis"
"102","A","angioplasty x3 stents "
"102","A","Ischaemic Heart Disease (previous MI+CABG)"
"102","A","Pre PE "
"102","A","Arthritis"
"103","A","MI "
"103","A","PCI "
"103","A","Osteoarthritis (spine)"
"103","A","PE"
"104","A","L total knee replacement"
"105","A","A.F."
"105","A","Macular degeneration "
"105","A","Gastric reflux"
"105","A","Gastric Band "
"105","A","AF - DC Cardioversoin"
"106","A","acid reflux"
"107","A","Reflux"
"107","A","Chronic Kidney Disease 2"
"107","A","Hypercholesterolaemia"
"108","A","Fibromyalgia"
"108","A","steroid induced tablet controlled type 2 diabetes"
"108","A","Type 2 Diabetes"
"11","A","Jaundice aged 9"
"11","A","Systemic Hypertension"
"110","A","Asthma"
"110","A","Hypertension"
"110","A","TURP"
"110","A","Plaques of marphoea"
"110","A","admitted to hospital had an anaphalaxis reaction."
"110","A","In patient @ RHH ward P3 when complaining of chest pain "
"111","A","Right total knee replacement"
"111","A","    DVT"
"111","A","Back injury- ?cause ? trapped nerve 6/52 since"
"111","A","Angina symptoms"
"111","A","Angina"
"112","A","Hiatus Hernia"
"112","A","CABG x2"
"112","A","Diabetes"
"112","A","Systemic sclerosis"
"112","A","Myeloma - Ca pallitive"
"112","A","AAA 4cm"
"112","A","Osteomyelitis"
"112","A","None"
"112","A","Hospital admission 4 weeks ago with SOB then transferred to RHH."
"112","A","Bladder surgery >7years since"
"113","A","Angina"
"113","A","Sympathectomies"
"113","A","IDDM"
"113","A","peripheral vascular disease"
"114","A","fractured skull following a fall"
"114","A","Irritable bowel"
"115","A","Increased Blood Pressure"
"115","A","Diabetes Diet Controlled."
"116","A","Hypertension"
"116","A","Angina"
"116","A","Previous MI"
"116","A","Pulmonary Fibrosis"
"116","A","Raised Cholesterol"
"116","A","ex heavy drinker"
"116","A","Asthma"
"116","A","Ulcerative Colitis"
"117","A","Previous Duodenal Ulcer"
"117","A","Systemic Hypertension"
"117","A","head injury "
"117","A","Systematic Hypertension"
"117","A","LV hypertrophy"
"117","A","Chronic lower back pain - spinal injury but mobile and requires no walking aids/wheelchair @ present"
"117","V1","MI "
"117","A","PH with preserved cardiac output"
"117","A","Diabetic diet controlled for DM to be monitored by GP when discharged home. "
"117","A","MI x1 "
"118","A","Surgery to remove L, upper lobe due to TB "
"118","V1","two bands in right atrium"
"118","A","Head injury secondary RTA"
"119","A","Previous SVT secondary to atrial tachycardia"
"119","A","LV hypertrophy"
"119","A","Cholecystectomy"
"119","A","Mobilises with stick."
"12","A","FH+ for IHD"
"12","A","Angio?"
"120","A","Hypertension"
"120","A","Heart failure needed ITU admission"
"121","A","Angina"
"121","A","x1 stent"
"121","A","Amputation of R large toe = malignant Melanoma (many years ago)"
"122","A","Hypercholesterolaemia"
"122","A","Angioplasty Left leg iliac artery"
"123","A","Rhinoplasty "
"123","A","? Scleroderma"
"123","A","Mild interstitial lung fibrosis"
"124","A","Patient has had a cold recently took paracetamol (1g) last taken at 7.30am on day of blood sampling."
"126","A","High Cholesterol"
"126","V1","Osteoarthritis"
"126","A","Raynauds Syndrome"
"127","A","Barrett's oseophagus"
"127","A","Left + Right carpal tunnel syndrome."
"127","A","x2 MI+stents"
"128","A","Currently treated for COPD"
"128","A","vertigo"
"129","A","Ischaemic Heart Disease (previous MI+CABG)"
"13","A","Hypertension"
"13","A","Myelodysplasia"
"13","A","Lichen Sclerosis"
"130","A","Right total knee replacement"
"130","A","Angina"
"130","A","Cataract surgery - R eye "
"130","A","Cellulitis  ABs given)"
"131","A","Chest pain "
"131","A","Type 2 Diabetic"
"131","A","Systemic Sclerosis Limited Cutaneous Disease"
"132","A","Scleroderma"
"133","A","Arthritis / spondylosis"
"133","A","Hypertension"
"133","V1","Cervical Spondylosis (12 years)."
"134","A","Emphysema"
"134","A","COPD"
"134","A","went to GP walk in clinic given omeprazole"
"134","A","Fibromyalgia"
"134","A","DVT"
"134","A","High BMI"
"134","A","PE (12yrs ago)"
"134","A","AAA"
"134","A","Asbestos Thickening"
"135","A","Mastoid/sinus problems"
"135","A","mild LHD"
"135","A","High Cholesterol"
"135","A","PE"
"135","A","Bilateral knee replacements"
"135","A","IDDM"
"135","A","ruptured appendix 8yrs ago"
"135","A","Hiatus Hernia"
"135","A","THYROIDECTOMY  NOW ON THYROXINE"
"135","A","Pulmonary Fibrosis"
"136","A","Non-alcoholic liver disease"
"136","A","Angina symptoms"
"136","A","DM type 2"
"136","A","Lung fibrosis"
"136","A","TB bilateral lungs - aged 8"
"136","A","Colecystectomy"
"136","A","Hypertension"
"136","A","Primary Biliary Cirrhosis"
"136","A","Unstable angina"
"136","A","Suffered Angina for 7 months, worsening over last 4 wks"
"136","A","Polymyalgia treated with steroids "
"137","A","Asthma"
"137","A","IHD, MI x1= (date approximate)."
"137","A","MI "
"137","A","SVT peri/post RHC "
"137","A","CABG"
"138","A","Enlarged Prostate BPH"
"138","A","Hypothyroid"
"138","A","polycythaemia"
"138","A","Barratt's oesophagus"
"138","A","Hypothyroid"
"138","A","Hypertension"
"139","A","IBS"
"139","A","TIA"
"139","A","Hypertension"
"139","A","Long Standing Epilepsy"
"139","A","Impaired glucose"
"139","A","CABG"
"139","A","x2 stents"
"140","A","Hospital admission 4 weeks ago with SOB then transferred to RHH."
"141","A","Osteoporosis"
"141","A","?? TIA 10yrs ago"
"141","A","COPD"
"142","A","Asthma"
"142","A","IHD"
"142","A","Emphysema"
"143","A","Aortic stenosis"
"143","A","Arthroscopy"
"143","A","High Cholesterol"
"145","A","Depression"
"145","A","Hypertension and low level protein urea"
"145","A","cervical spondylosis"
"145","A","Hypertension"
"147","A","For further intervention PCI RCA + CX at later date."
"147","A","NIDDM - diet controlled"
"149","A","thyroidectomy "
"15","A","Emphysema"
"150","A","Hypertension"
"150","A","Multiple bilateral PE"
"150","A","Angina pectoris"
"150","V1","Hiatus Hernia"
"150","A","awaiting PPM insertion  at Doncaster Hospital"
"150","A","Ischaemic heart disease"
"151","A","Angiogram"
"151","A","Truncal obesity"
"151","A","Spinal injury 12 months ago"
"151","A","SVT (3 minute run) during RHC"
"151","A","Osteoporosis"
"151","A","Gastric Ulcer "
"152","A","Type 1 DM (IDDM)"
"152","A","Gout"
"152","A","Hi cholestoerol"
"152","A","Insulin diabetic"
"152","A","Probable distal CTEPH"
"152","A","STEMI"
"153","A","Divertculitisis"
"153","A","Long term O2 therapy"
"153","A","Dyspnoea "
"153","A","Inguninal hernia"
"153","A","Aspiration pneumonia"
"153","A","coeliac disease"
"154","A","Insertion of PPM "
"154","A","Depression/anxiety"
"155","A","Angina"
"155","A","Diabetes (insulin"
"155","A","High Blood Pressure"
"155","A","Primary Biliary Cirrhosis"
"155","A","appendisectomy"
"155","A","Heterozygous for Factor V Leiden."
"155","A","Osteoporosis"
"156","A","MI PCI + Stent x3"
"156","A","Hernia surgery"
"156","A","High creatinine"
"156","A","IBS"
"156","A","Fibrotic lung disease"
"156","A","Hypertension"
"156","A","One kidney (Born)"
"156","A","vertigo"
"156","A","MI x1  - x3 stents PCI to LAD + Circumflex"
"157","A","Right total knee replacement"
"157","A","axonal polyneuropathy"
"157","A","Limited cutaneous systemic sclerosis with myositis"
"157","A","Pulmonary Hypertension ? cause"
"158","A","Gastric band secondary to GORD - 7 years ago fundoplication"
"158","A","Asthmatic"
"158","V1","awaiting left knee replacement"
"158","A","Wolffe Parkinsons White Syndrome"
"158","A","Type 2 diabetese"
"159","A","Back Pain - Attends Pain Clinic Mexborough Hospital"
"159","A","IHD"
"159","A","HTN"
"159","A","PE"
"16","A","Hypercholesterolaemia"
"16","A","MI "
"16","A","Hiatus Hernia"
"16","A","Inguninal hernia"
"16","A","AF - 15 years"
"160","A","Osteoarthritis"
"160","A","polycythaemia"
"160","A","IHD - one vessel >50% stenosis circumflex"
"161","A","+ Family History "
"161","A","Airflow obstruction and mild emphysema"
"161","A","R total hip replacement "
"161","A","Angina"
"161","A","Angioplasty and stent Dec"
"162","A","PPM "
"162","A","Diabetes - tablet controlled"
"162","A","DVT"
"163","A","Asthma"
"163","A","Positive ETT"
"163","A","Moderate LV systolic dysfunction"
"163","A","Head injury secondary RTA"
"164","A","DVT during pregnency 40 yrs ago"
"164","V1","Asthma"
"164","A","Brain stem stroke"
"164","V1","obesity"
"164","A","Cholesystectomy "
"164","A","Hypertension"
"164","A","Emphysema"
"164","A","removal of rodent ulcer"
"165","A","Perforated Duodenal Ulcer"
"165","A","Pulmonary fibrosis - NSIP Type - had lung biopsy"
"166","A","Osteoarthritis for past 20yrs"
"166","A","IDDM"
"167","A","Late January onset of CCP"
"167","V1","Blind R eye from birth"
"167","A","hayfever"
"167","A","Hypothyroid"
"167","A","Pneumothorax (exact date unknown)"
"167","A","Scleroderma"
"168","A","Hypertension, high cholesterol, raised BMI"
"168","A","Type 2 Diabetes"
"168","A","Systemic Hypertension"
"168","A","Angina for past 4yrs"
"169","A","Trauma L arm surgery reconstruction + graft"
"169","A","Allergic to nuts."
"169","A","Hypertension"
"169","A","COPD"
"17","A","two bands in right atrium"
"17","A","Angioplasty and stented to LAD"
"17","A","Crest syndrome"
"170","A","TB spine and ankle"
"170","A","Limited SSE"
"170","A","Hypothyroid"
"170","A","Diverticulitis"
"170","A","Angina"
"170","A","COPD diagnosed on admission"
"171","A","2 weeks increasing CCP prior to currnet admission"
"171","A","Limited systemic sclerosis "
"171","A","Hypertension"
"172","A","Angina"
"172","A","Diabetes"
"172","A","severe COPD"
"172","A","Diffuse Systemic Sclerosis"
"172","A","Following lung Biop  - PE +DVT - diagnosed c VQ"
"172","A","M.I."
"172","A","Right eye removed as child"
"173","A","Hypercholesterolaemia"
"173","A","Emphysema"
"173","A","Hypertension. "
"174","A","Angina most days, uses GTN"
"174","A","Right hip arthroplasty"
"174","V1","Cholecystectomy"
"174","A","Crest syndrome"
"174","A","Osteoporotic Thoracic Wedge Fractures"
"175","A","Vit B12 Deficiency"
"175","A","SVT peri/post RHC "
"175","A","Ca Breast R, July 5yrs since"
"175","A","Right Nephrectomy"
"175","A","Admission to County Hospital for IV diuretics"
"175","A","Asthma"
"176","A","High Cholesterol"
"176","A","Chronic lymphoedema"
"176","A","Angina"
"176","A","Previous Hernia Repair"
"176","A","Splenectomy"
"176","A","Impaired glucose"
"176","A","Hernia Op (2 year ago)."
"176","A","Abdominal Hernia"
"177","A","PR"
"177","A","limited type systemic sclerosis"
"178","A","angioplasty x3 stents "
"178","A","Type 2 Diabetes - stopped taking metformin by GPs advice - Bad reaction. Diet controlled now"
"178","A","MI "
"178","A","Hysterectomy "
"178","A","IHD"
"178","A","Hx. of Haemorroids"
"178","A","PE"
"179","A","High alcohol intake"
"179","A","RTA subsequent back problems."
"179","A","Pulmonary Fibrosis"
"179","A","Intermittent claudication - bilateral superficial femoral artery occlusions"
"179","A","hearing aid in right ear"
"18","A","Transferred to RHH "
"18","A","L & R Total Hip Replacement"
"18","A","Investigations for CAD"
"18","A","Echo = mild L ventricular dysfunction"
"18","A","Raynaud's Phenomenon and Significant digital Ulceration"
"18","A","Vasectomy"
"18","A","Calcified mitral valve annulus with mild MR"
"180","A","hypercholesterolemia"
"180","A","Duodenal Ulcer"
"180","A","Chronic lower back pain - spinal injury but mobile and requires no walking aids/wheelchair @ present"
"180","A","Pre-eclampsia and two c-sections"
"181","A","51 years of age haemoroid operation"
"181","A","Diverticular disease + IBS for 14years"
"181","A","Aortic stenosis"
"181","A","NSTEMI"
"181","A","Asthma"
"181","A","Cervical Spodylosis"
"181","A","Raynauds Syndrome"
"182","V1","Angina"
"182","A","PA Pressure 72/77mm Hg"
"182","A","Hiatus Hernia"
"183","A","L Knee surgery"
"183","A","Hypertension"
"183","A","TIA"
"184","V1","Asthma/COPD "
"184","A","menigitus viral"
"184","A","History of venous thromboembolism with DVT many years ago"
"185","A","Raynauds phenomenon"
"185","A","Fractured Fibular and Tibular 14ys ago"
"185","A","Osteoporosis"
"185","A","Hypertension"
"185","A","Sleep Apnea - CPAP"
"185","A","M.I"
"185","A","ASD closure and CABG "
"185","A","Hypertension"
"186","A","Brain stem stroke"
"186","A","MI "
"186","A","NSTEMI"
"186","A","Promary PCI left Main Stem "
"186","A","Pulmonary fibrosis - NSIP Type - had lung biopsy"
"186","A","MI "
"186","V1","DM type 2"
"187","V1","M.I x2 PCI and Stent to RCA and LAD"
"188","A","COPD (home O2 less 10 minutes/day after exertion)"
"188","A","Raynauds Syndrome"
"188","A","High Cholesterol"
"188","A","Interstitial lung disease"
"188","A","Hi cholestoerol"
"189","A","Systemic Sclerosis Limited Cutaneous Disease"
"189","A","Concussion x 3"
"189","A","Ascites and cirrhosis"
"19","A","Scleroderma"
"19","A","C/P  -> INF STEMI -> PPCI to RCA -> Stented x2"
"19","A","Moderate Aortic regurgitation"
"19","A","Fibromyalgia"
"19","A","Pulmonary embolism "
"190","A","NSTEMI"
"191","A","CTEPH "
"191","A","High alcohol intake"
"191","V1","Bilateral PE's "
"191","A","Traumatic leg amputation"
"191","A","Varicose veins"
"191","A","Essential hypertension"
"192","A","Knee surgery"
"192","A","Hypercholesterolaemia"
"192","A","Varicose Vein surgery R leg - 10 years since"
"192","A","Osteo arthritis"
"192","A","+ ETT"
"192","A","Positive ETT"
"192","A","PE"
"192","A","type 2 diabetes - metformin"
"192","A","Crohns disease"
"193","A","Hospital admission 4 weeks ago with SOB then transferred to RHH."
"193","A","chronic rotator cuff syndrome"
"193","A","right heart failure"
"193","A","Likely chronic thromboembolic PH"
"193","A","Dilated cardiomyopathy"
"193","A","systemic scelerosis"
"193","A","awaiting left knee replacement"
"193","A","Oesophagitis"
"193","A","Ovarian Cyst"
"194","A","Perforated Duodenal Ulcer"
"194","A","None"
"194","A","Borderline Diabetes"
"194","A","TURP"
"194","A","Mild Aortic Stenosis"
"194","A","endocarditis and enlarged heart"
"194","A","TIAs + stroke "
"195","A","CKD stage 3"
"195","A","Type 2 Diabetic"
"195","A","Raised Cholesterol"
"195","A","Umbilical Hernia repair."
"195","A","syncolap episode. facial injury"
"195","A","Hiatus Hernia"
"195","A","Asthma 20yrs"
"196","A","Type 2 Diabetes - stopped taking metformin by GPs advice - Bad reaction. Diet controlled now"
"196","A","Myocardial Infarction x2 stents"
"196","A","Ovarian Cyst"
"196","A","Osteoarthritis L knee"
"197","A","x4 stents - electively."
"197","A","VP shunt"
"197","A","Ascites and cirrhosis"
"198","A","Cholecystectomy (20 years ago)"
"198","A","Asthma"
"198","A","L total knee replacement"
"198","A","Hypertension"
"199","A","Hypertension"
"199","A","Angina"
"199","A","*Hyper Calacaemia/disease related"
"199","A","Ex smoker"
"199","A","Hyperparathroidism"
"199","A","carcinoma prostate"
"20","A","PCI + Stent to LAD "
"200","A","TAH+B50 "
"200","A","Hypertension"
"200006","V1","Pacemaker 6 years ago"
"200006","A","Repeat Angio "
"200006","A","Dyspepsia + Dysphagia"
"200006","A","A.F."
"200006","A","polymyositis"
"200006","A","arthritis of feet"
"200007","A","Previous DVT and PE"
"200007","A","Arthritis"
"200007","A","Hypertension"
"200008","A","AF on Warfarin"
"200009","A","Hypertension"
"200009","A","Macular degeneration "
"200009","A","Raynauds Syndrome"
"200009","A","Asthma"
"200010","A","bladder problems"
"200010","A","Vitamin B12  Deficiency"
"200010","A","Essentail tremor"
"200010","A","Obstructive sleep apnoea - CPAP + O2"
"200010","A","gallstones"
"200010","A","Type II DM- 6yrs"
"200010","A","Tooth removed "
"200010","A","CABG x3 "
"200010","A","Diffuse interstitial lung disease associated with connective tissue disease"
"200011","A","COPD"
"200011","A","Asbestos Thickening"
"200011","A","Osteoarthritis"
"200012","A","High Blood Pressure"
"200012","A","Hypertension"
"200012","A","COPD"
"200012","A","Fatty Liver"
"201","A","Appendicectomy "
"203","A","Eczema."
"203","A","Above knee traumatic amputation"
"204","A","Arthritis"
"204","A","Chronic VTE- Previous PE and DVT- Left leg"
"205","A","polycythaemia"
"206","A","PE"
"206","A","PCI to RCA "
"206","A","Previous DVT"
"207","A","History of Asbestos exposure"
"207","A","Hypertension"
"208","A","Transferred to RHH "
"208","A","Suffered Angina for 7 months, worsening over last 4 wks"
"208","A","Hysterectomy "
"208","A","Scleroderma"
"209","A","Prolonged QT interval"
"209","A","hypercholesterolemia"
"209","A","Hiatus Hernia"
"209","A","Emphysema on CT"
"209","A","Iron deficiency anaemia"
"21","A","Bilateral knee replacements"
"21","A","MI "
"21","A","Mild restrictive PFT's"
"21","A","Hypertension"
"21","A","Circulation problem vascular (legs) awaiting investigations."
"210","A","Oesophageal reflux surgery (Fondaplication) "
"211","A","Chronic cough"
"211","A","Pulmonary Fibrosis"
"213","A","Family history of clot ( mother had multiple DVT's)"
"213","A","Angina"
"214","A","Angina"
"214","A","Mild Aortic Stenosis"
"214","A","CABG x3 FAILED"
"214","A","Hypothyroid"
"215","A","Enlarged Prostate"
"216","A","Emphysema"
"216","A","Osteoporotic Thoracic Wedge Fractures"
"216","A","High Cholesterol"
"216","A","Hyperlipidaemia"
"217","A","Worsening renal function "
"218","A","TB - Late 30s"
"218","A","PAF- Paroxysamal Atrial Fibrillation"
"218","A","SOB for 12/12"
"219","A","None"
"219","A","Raised Cholesterol."
"219","A","Angiogram"
"219","A","C/P  -> INF STEMI -> PPCI to RCA -> Stented x2"
"219","A","? high hyperlipidaemia  (Not treated)"
"219","A","+ ve ETT"
"22","A","Limited systemic sclerosis "
"22","A","Angina - 11 years. "
"220","A","IVC filter insertion"
"220","A","Chronic lymphoedema"
"220","A","+ ETT"
"220","A","Previous anaemia"
"220","A","CABG x3 FAILED"
"220","A","Gout"
"220","A","Hx of multiple Pneumonia episodes - none for 10yrs"
"220","A","Retinopathy"
"221","A","Asthma"
"221","A","Hypertension"
"222","A","MI in past"
"222","A","type 2 diabetes - metformin"
"223","A","Mild/moderate PH on ECHO"
"223","A","L hand contracture - surgery perfomed to release this 9/52 since"
"223","A","Hypotensive"
"223","A","Chest pain "
"224","A","Colitis"
"224","A","Previous angina"
"225","A","NIDDM"
"225","A","Osteoporosis"
"225","A","Pulmonary fibrosis - LTOT 15 hours a day"
"225","A","Vitamin B12 Deficiency"
"225","A","Emphysema"
"225","A","Positional Vertigo"
"225","A","Diverticulitis- Colonoscopy 2/7 ago"
"226","A","Ablation for palpitations (narrow complex tachycardia)"
"226","A","Right eye removed as child"
"226","A","Type 2 Diabetes"
"226","A","IDDM"
"226","A","Brain stem stroke"
"227","A","left total hip replacement "
"227","A","MI "
"227","A","IHD - one vessel >50% stenosis circumflex"
"227","A","Under active throid"
"227","A","Hx. of kidney stones (>4yrs since)"
"228","A","Right knee, hip + shoulder replacement. "
"228","A","AAA 4cm"
"228","A","Systemic sclerosis"
"228","A","Hypertension"
"228","A","Mild Asthma"
"229","A","Heart failure"
"229","A","Reflux"
"229","A","Asthma"
"23","A","Pulmonary embolism "
"23","A","High Cholesterol"
"23","A","Possible PH"
"23","A","IHD"
"23","A","PVD"
"23","A","? Pulmonary nodule"
"230","A","Previous PEs"
"230","A","Raised troponin"
"230","A","Hypertension"
"231","A","Inguinal hernia repair "
"231","A","Peripheral Neuropathy"
"231","A","High BMI"
"231","A","Crest syndrome"
"231","A","PH with CTD"
"231","A","Multiple tubular adenomatous polyps"
"232","A","Asthma"
"233","A","Surgery Left Knee "
"234","A","Diabetes"
"234","A","Angioplasty and stent 8 years ago"
"235","A","irritable bowel syndrome"
"235","A","Hypercholesterolaemia"
"235","A","AF"
"236","A","Diabetes Type 2."
"238","A","Mild Aortic Stenosis"
"238","A","Asthma"
"239","A","2 weeks increasing CCP prior to currnet admission"
"239","A","Ascites and cirrhosis"
"239","A","ASD closure and CABG "
"239","A","Depression"
"24","A","High BMI"
"24","A","IHD, angina"
"24","A","Hypertension"
"240","A","Reflux"
"240","A","TVRP for enlarged prostate."
"240","A","Recent constipation awaiting results of biopsy results"
"240","A","Type 2 Diabetic"
"241","A","Hx. of borderline diabetes - ? resolved"
"241","A","Asthma"
"241","A","Systemic scelrosis (difusse)"
"241","A","left total hip replacement "
"242","A","Pulmonary Hypertension ? cause"
"242","A","Raised Cholesterol"
"242","A","AVR for Aortic Stenosis"
"243","A","Inf STEMI "
"243","A","Diverticulitis"
"243","A","L finger amputation - secondary to gangrene following a clot in L arm"
"243","A","Gout"
"243","A","IBS"
"245","A","Type II DM- 6yrs"
"245","A","Inguinal hernia repair "
"245","A","chronic depression"
"247","A","Type 2 Diabetic"
"247","A","Bilateral "
"249","A","High Cholesterol"
"249","A","T2 DM"
"25","A","MI x1  - Q wave anterior infarct"
"25","A","COPD"
"252","A","Asthma"
"252","A","Systemic Hypertension"
"252","A","Surgery Left Knee "
"252","A","Scleroderma positive centrometer ANA >1:640"
"252","A","Pneumothorax - ? year"
"252","A","Hypertension"
"252","A","Osteoarthritis"
"253","A","Depression."
"253","A","Hypercholesterolaemia"
"253","A","Repeat Angio "
"253","A","bilateral PEs "
"253","A","hypercholestraemia"
"253","A","Hypothyroid"
"255","A","Appendectomy"
"255","A","Pulmonary Fibrosis"
"256","A","CKD Stage III"
"256","A","L + R Cataract surgery "
"257","A","MI "
"257","A","Breast cancer 17 yrs ago with Lumpectomy, Chemotherapy & Radiotherapy"
"258","A","Mild Aortic Stenosis"
"258","A","Emphysema"
"258","A","Raynauds Syndrome"
"258","V1","Asthmatic + COPD"
"259","A","Osteoporotic Thoracic Wedge Fractures"
"26","A","Angina"
"260","A","Emphysema"
"260","A","Type 2 Diabetes - stopped taking metformin by GPs advice - Bad reaction. Diet controlled now"
"260","A","Cartlidge surgery L Knee"
"260","A","Oesophageal reflux"
"260","A","PH"
"260","A","irritable bowel syndrome"
"261","A","Hypertension"
"261","A","Endocarditis"
"261","A","Atrial Fibrilation"
"261","A","Asthma"
"262","A","Systematic Hypertension"
"262","A","Epilepsy"
"262","A","Hypertension"
"262","A","Rheumatoid Arthritis"
"262","A","Previous doudenal ulcer"
"262","A","Slipped disc - chronic back"
"263","A","Intermittent claudication"
"263","A","PR"
"263","A","PE"
"264","A","Raynauds phenomenon"
"264","A","Asbestos Thickening"
"264","A","Appendectomy as a child"
"264","A","Osteoarthritis"
"265","A","R, renal cyst = surgery 2 years since"
"265","A","x2 DNCs"
"265","A","# L wrist age 25."
"265","A","Hypertension"
"265","A","Hysterectomy - 2 years ago"
"265","A","PCI  to RCA"
"266","A","IDDM"
"267","A","Cutaneous systemic sclerosis"
"267","A","Hypertension"
"267","A","Hypothyroid"
"267","A","Pleural plaques with previous asbestos exposure"
"268","A","PVD - claudication"
"268","A","Angina"
"268","A","barretts oesophagus"
"268","A","Emphysema"
"268","A","Glaucoma"
"268","A","Hip replacement with post op DVT"
"269","A"," MI  "
"269","A","MI "
"269","A","Gastric - ? reflux"
"269","A","Ulcerative Collitus"
"269","A","IBS"
"269","A","Detatched retina"
"269","A","hypercholestraemia"
"27","A","Mild Aortic Stenosis"
"27","V1","Moderate Aortic regurgitation"
"27","A","Slipped disc - chronic back"
"27","A","Arthritis"
"27","A","Varicose veins"
"27","A","Mild Aortic Stenosis and Regurgitation"
"27","V1","Previous hospital admission with cellulitis and leg swelling"
"270","A","Mitral valve repair"
"270","A","PAF- Paroxysamal Atrial Fibrillation"
"270","A","Systemic Hypertension"
"270","A","Asthma"
"270","A","PCI/Stent to LAD "
"270","A","PH on echo PA pressure = 65-70"
"270","A","Shrinking lung syndrome"
"271","A","? Scleroderma"
"271","A","Positive Family History"
"272","A","admitted to hospital had an anaphalaxis reaction."
"272","A","Raynauds Syndrome"
"273","A","shingles"
"273","A","Hypertension"
"273","V1","NIDDM"
"273","A","Asthma"
"273","A","Chorea as a child"
"273","A","Osteoarthritis"
"273","A","Severe Facial Burns "
"274","A","Fractured Fibular and Tibular 14ys ago"
"274","A","SOB for 12/12"
"274","A","Knee surgery"
"274","A","IDDM"
"275","A","DVT = R leg approx. 6yrs since"
"275","A","Raised Cholesterol"
"275","A","Depression"
"276","A","CABG"
"277","A","CKD"
"277","A","Erythrocytosis"
"277","A","Systemic Sclerosis Limited Cutaneous Disease"
"278","A","L Charcots foot c recent surgery"
"278","A","Depression"
"278","A","Hypothyroid"
"278","A","3 collapsed verterbrae"
"278","A","Skin grafts"
"278","A","NSIP Non specific Interstitial pneumonia"
"278","A","Pulmonary embolism "
"278","A","irritable bowel syndrome"
"278","A","Hernia repair"
"278","A","Asthma"
"278","A","Bilateral knee replacements"
"279","A","Systemic sclerosis limited type"
"279","A","Depression."
"279","A","COPD"
"279","A","Hypertension"
"28","A","NIDDM"
"28","A","steroid induced tablet controlled type 2 diabetes"
"28","A","Oesophagitis"
"28","A","PE"
"280","A","Repeated digital infection 2 to Calcinosis"
"280","A","Atrial Fibrillation"
"280","A","Ca Colon approx. 10yrs since - all clear given."
"280","A","Hypercholesterolaemia"
"280","A","M.I."
"280","A","Type 2 Diabetes"
"280","A","gastroesophageal reflux"
"281","A","Raynauds disease"
"281","A","Polymyalgia Rheumatica"
"281","A","TIA 9 years ago"
"282","A","Ca breast bilateral mastectomy and chemotherapy"
"282","A","Breathlessness ?aetiology"
"282","A","chronic rotator cuff syndrome"
"282","A","Echo = mild L ventricular dysfunction"
"283","A","Sciatic pain"
"283","A","Ulcer- lower left leg"
"283","A","Allergy to Bannana"
"284","A","Diabetes - tablet controlled"
"284","A","PH out of proportion to underlying lung disease"
"284","A","DM type 2"
"284","A","Systemic sclerosis"
"284","A","Cataract surgery - R eye "
"284","A","Chronic kidney disease"
"284","A","syncolap episode. facial injury"
"284","A","Hiatus Hernia Repair"
"284","A","Pulmonary Fibrosis"
"284","A","Hypertension"
"285","A","Previously obese (25 stone, now 17)"
"285","A","Type II DM- 6yrs"
"285","A","paroxsymal AF"
"285","A","Angina"
"285","A","Microscopic heamaturia with previous cystoscopy - no sinister cause"
"286","A","Coronary Artery Disease"
"286","A","CVA "
"286","A","Hiatus Hernia"
"286","A","Reflux."
"286","A","Raised Cholesterol"
"286","A","Arthritis"
"286","A","Intolerant of Methotrexate?Lymphopenia"
"287","A","Fall # nose facial fracture"
"287","A","Hiatus Hernia"
"287","A","Asthma approx.>10years"
"289","A","ascitis/odema"
"289","A","Spondylosis of the spine (lumber)"
"29","A","Tonsilectomy"
"29","A","Inguinal hernia repair "
"29","A","NSTEMI"
"29","A","Osteoarthritis"
"29","A","carcinoma prostate"
"293","A","Inf STEMI "
"293","A","MI "
"293","A","Diabetes on tablets"
"295","A","Angina"
"296","A","Hypercholesterolaemia"
"296","A","Vitamin B12  Deficiency"
"296","A","Total R knee replacement "
"3","A","Chronic renal impairment"
"3","A","Anxiety"
"3","A","High Cholesterol"
"30","A","Diverticulitis"
"30","A","TIA"
"30","A","Barrett's oesophagus"
"300","A","Severe 3 vessel disease"
"300","A","Appendectomy aged 6yrs"
"301","A","Splenectomy"
"301","A","IDDM"
"301","A","Chronic Pulmonary Embolic Disease"
"302","A","Stent in LAD "
"302","A","Retinopathy"
"303","A","High Cholesterol"
"303","A","hyperlipidemia, hypertension"
"304","A","Fractured Ankle"
"304","A","Angina"
"305","A","MI - date unknown"
"305","A","Hypothyroidism"
"305","A","Diet controlled diabetes"
"305","A","Depression/anxiety"
"306","A","NIDDM"
"306","A","Right Nephrectomy"
"306","A","? sleep apoea/alveolar hyperventilation"
"306","A","Palpitation ?cause"
"306","A","Pulmonary Hypertension ? cause"
"306","A","Hysterectomy "
"307","A","Asthma"
"307","A","NIDDM"
"307","A","Prev thyrotoxicosis"
"307","A","Pneumothorax (exact date unknown)"
"307","A","Anti-centromere anitibody positive"
"307","A","Raised Cholesterol"
"307","A","COPD"
"307","A","Hypertension"
"307","A","ASD"
"307","A","ststemic hypertension"
"307","A","Angina symptoms"
"307","A","Nephritis"
"308","A","Variant of CREST"
"308","V1","Mild LV impairment with hypokinetic anterior, anteroseptal and septal walls."
"308","A","Bells Palsy"
"308","A","Angina most days, uses GTN"
"308","A","PAH"
"309","A","Polymyalgia Rheumatica"
"309","A","Hypertension"
"309","A","CABG"
"309","A","None noted"
"309","A","Hypertension"
"309","A","Primary Billary cirrhosis- gallstones"
"309","A","Duodenal Ulcer"
"309","A","Mixed Connective Tissue Disorder"
"31","A","SVT - symptom free for 10 years"
"31","A","Angina"
"31","A","Type 2 Diabetes Mellitus"
"31","A","NIDDM"
"31","A","No PMH"
"31","A","Bilateral hip replacements"
"31","A","Osteoporosis"
"31","A","AVR (mechanical valve)"
"31","A","Epilepsy"
"310","A","Depression"
"310","A","COPD"
"310","A","Hysterectomy- Bladder repair"
"310","A","Hypertension"
"310","A","Type 2 Diabetes"
"310","A","systemic scelerosis"
"311","A","polycythemia"
"311","A","Diabetes"
"312","A","Angina"
"312","A","Angioplasty and stented to LAD"
"312","A","Diffuse large B. cell carcinoma "
"312","A","Cartlidge surgery L Knee"
"312","A","Diverticulitis- Colonoscopy 2/7 ago"
"312","A","C.O.P.D"
"314","A","Osteopenia."
"314","A","COPD/bronchitis"
"314","A","Coronary artery stent"
"314","A","L + R Cataract surgery "
"315","A","Paroxysmal"
"315","A","Hypothyroid"
"315","A","Hypertension"
"315","A","Emphysema"
"315","A","LHC - no PCI medical management "
"315","A","barretts oesophagus"
"315","A","Inguinal hernia 35 years ago"
"315","A","RTA"
"315","A","Diverticular disease"
"315","A","? inter-atrial communication"
"316","A","Congenital nystagmus/achromatopsia"
"316","A","M.I x2 PCI and Stent to RCA and LAD"
"316","A","MI @ DRI "
"316","A","AF chemically cardioverted with amiodarone"
"317","A","CABG"
"317","A","Osteoporosis"
"317","A","Cellulitis  ABs given)"
"317","A","undifferentiated CTD"
"317","A","Chronic VTE- Previous PE and DVT- Left leg"
"317","A","Raised PA pressure on echo"
"318","A","Trop negative chest pain"
"318","A","Chronic left foot swelling"
"319","A","SSC"
"319","A","Hypertension"
"319","A","mvr "
"32","A","Rheumatoid Arthritis"
"32","A","systmic hypertension"
"32","A","Previous Stent to RCA"
"320","A","GORD"
"320","A","CKD"
"320","A","x5 caecarian sections"
"320","A","MI x2 8yrs ago and 4yrs ago"
"321","A","Ca growth removed R, ankle Jan 5yrs since"
"321","A","Hypertension"
"322","A","Systemic Hypertension"
"323","A","Bronchiectasis"
"324","A","Echo = mild L ventricular dysfunction"
"324","A","Angina"
"325","A","Bilateral "
"326","A","Borderline Diabetes"
"326","V1","Epilepsy"
"326","A","Type II diabetes"
"326","A","Reflux"
"326","A","Osteoporosis"
"326","A","? Asthma"
"326","A","UTI diagnosed during admission"
"326","A","Recreational drug use."
"329","A","Type 2 Diabetic"
"33","A","DVT"
"33","A","Raynauds phenomenon"
"33","A","Cholecystectomy"
"330","A","DVT"
"330","A","Rheumatic Fever as a child age 13 years."
"330","A","recurrent SVT"
"330","A","Repeat Angio "
"334","A","MI x2"
"335","A","Colorectal carcinoma with colectomy 12yrs ago"
"336","A","Colecystectomy"
"337","A","AF"
"337","A","Hypertension"
"338","A","TB contact with stepfather aged 8- Given BCG"
"338","A","Myocardial Infarction x2 stents"
"339","A","Systemic sclerosis"
"339","A","Mysthenia Gravis diagnosed "
"34","A","awaiting left knee replacement"
"34","A","NONE KNOWN"
"34","A","LHC disease in LAD"
"34","A","Angina - 11 years. "
"34","A","Asthmatic + COPD"
"34","A","Hypertension"
"34","A","Rib problem"
"340","A","Hypertension"
"340","A","Ischaemic Heart Disease (previous MI+CABG)"
"340","A","Hypertension"
"341","A","Severe Rheumatoid Arthritis"
"341","A","Hypertension"
"341","A","Depression"
"341","A","IDDM"
"341","A","Increased Cholesterol"
"343","A","NSTEMI"
"343","A","MI - NSTEMI"
"343","V1","Reflux"
"343","A","AF (rate 190 bpm)  "
"343","A","Arotic aneurysm"
"343","A","Paroxsymol AF"
"343","A","NIDDM"
"343","A","# R Hip /Osteoarthritis"
"344","V1","MI @ DRI "
"344","A","Diet controlled DM"
"344","A","Pre PE "
"344","A","M.I x2 PCI and Stent to RCA and LAD"
"345","A","Increased Cholesterol"
"345","A","Knee replacement - 14 years ago"
"345","A","Cardiac surgery in infancy aged 4 ? septal defect surgery"
"345","A","Elevated BP - no treatment"
"345","A","COPD"
"346","A","Itchy skin ? Psoriasis (takes Mizollen)"
"346","A","Non hodgkins lymphoma"
"347","V1","Raynauds"
"347","A","L finger amputation - secondary to gangrene following a clot in L arm"
"347","A","raynauds and digital amputation"
"347","A","Late January onset of CCP"
"348","A","Potts disease spine"
"348","A","COPD"
"348","A","Mixed CTD / Scleroderma Type"
"348","A","Arthritis"
"348","A","Ex smoker"
"349","A","mild LVSD"
"349","A","Chronic Idiopathic Urticaria"
"349","A","Raised PA pressure"
"35","A","Osteoporosis"
"35","A","Potts disease spine"
"35","A","Airflow obstruction and mild emphysema"
"35","A","C/P  -> INF STEMI -> PPCI to RCA -> Stented x2"
"35","A","Reflux + Gastritis"
"35","A","thyroidectomy "
"35","A","ENT surgery for abnormal artery in ear"
"35","A","Asbestosis exposure"
"35","A","# R ankle age 25, football injury."
"351","A","Depression"
"351","A","MI "
"352","A","Emphysema"
"352","A","Depression"
"353","A","Essential hypertension"
"353","A","Limited systemic sclerosis "
"355","A","AF chemically cardioverted with amiodarone"
"355","A","None"
"355","A","IHD"
"355","A","o/a left arm swelling and 2.5 cm left groin lump"
"355","A","Knee surgery"
"355","A","Arthritis"
"355","A","High blood pressure in pregnancy"
"355","A","idiopathic PH diagnosed"
"356","A","Endocarditis"
"356","A","Raised Cholesterol"
"358","A","R, renal cyst = surgery 2 years since"
"358","A","Essentail tremor"
"358","A","Asthma"
"358","A","Insertion of PPM "
"358","A","History of Left and Right femoral DVTs"
"359","A","No PMH"
"359","A","LHC - no PCI medical management "
"359","A","Systemic Hypertension"
"36","A","Abcess in middle ear age 7yrs"
"36","A","Limited Scleroderma"
"36","A","Epilepsy"
"36","A","x1 vessel disease >50% stenosis"
"36","A","Mildly elevated systolic-pulmonary artery pressure"
"361","V1","Peptic Ulcer disease"
"361","A","Hypercholesterolaemia"
"361","A","DVT 10 years ago"
"361","A","PPM "
"361","A","Prev thyrotoxicosis"
"361","A","VF arrest  = NSTEMI RDGH"
"362","A","Thoracic AAA "
"363","A","Pleural plaques with previous asbestos exposure"
"364","A","Tonsilectomy"
"365","A","Mobilises with stick."
"365","A","TAH+B50 "
"366","A","Lichen Sclerosis"
"366","A","Hypertension"
"366","A","Asthma"
"366","A","CKD stage 3"
"368","A","Raised Cholesterol"
"368","A","Heart failure needed ITU admission"
"368","A","Type 2 diabetese"
"369","A","Hypertension in pregnancy"
"369","A","Hiatus Hernia"
"369","A","CABG"
"37","A","CVA "
"37","A","Head injury - aged 7  - Epilepsy "
"37","A","COPD"
"370","A","severe COPD"
"371","A","Osteoporotic Thoracic Wedge Fractures"
"372","A","Hypothyroidism"
"372","A","Cellulitis"
"372","A","Spondylosis of spine"
"372","A","Raynaud's > 20 years"
"373","A","Osteo arthritis"
"373","A","Duodenal Ulcer"
"373","A","Hypertension"
"373","A","Asthma"
"374","A","Emphysema"
"374","A","# L Femur"
"374","A","Fall # nose facial fracture"
"374","A","fractured skull following a fall"
"374","A","2 lts O2 PRN in daytime"
"377","A","Smoker"
"377","A","Asthma"
"377","A","Asthma"
"377","A","ascitis"
"377","A","Angina - 11 years. "
"377","A","Cholecystectomy"
"378","A","Previous SVT secondary to atrial tachycardia"
"378","A","Appendectomy as a child"
"378","A","Bilateral knee replacements"
"378","A","Hypertension"
"378","A","Carpel Tunnel L hand"
"38","A","Mild Asthma"
"38","A","Asthma"
"38","A","Raynaud's"
"380","A","High PA pressure"
"380","A","DVT and PE audust"
"380","A","Type 2 Diabetes Mellitus"
"380","A","Hypercholesterolaemia"
"380","A","Ischaemic optic neuropathy"
"380","A","Heart murmur and rheumatic fever age 15"
"380","A","Breast lumpectomy"
"380","A","Asthma"
"381","A","Positional Vertigo"
"381","A","Throat surgery (UPPP) "
"381","A","Recurrent chest discomfort"
"381","A","Diabetes - tablet controlled"
"381","A","Skin Ca"
"382","A","Bechets Syndrome"
"382","A","gallstones"
"383","A","PA Pressure 72/77mm Hg"
"383","A","COPD/bronchitis"
"383","V1","Traumatic leg amputation"
"383","A","Osteoarthritis"
"385","A","arthritis of feet"
"385","A","Hypertension"
"385","A","Hypertension"
"385","A","PPM "
"386","A","R knee replacement"
"386","A","Type 2 Diabetes"
"386","A","MI "
"386","A","Asthma"
"387","A","Aortic Aneurysm"
"387","A","Pulmonary Fibrosis"
"387","A","Osteoarthritis"
"387","A","TB R Knee"
"387","A","Hypertension"
"388","A","Dermatitis = uses creams prn"
"388","A","DVT"
"388","A","Thoracic AAA "
"388","A","IHD"
"388","A","AF"
"388","A","PFO"
"389","A","IHD"
"389","A","TB R Knee"
"389","A","Paroxysmal"
"389","A","High alcohol intake"
"39","A","TIA"
"39","A","Fractured Fibular and Tibular 14ys ago"
"39","A","IHB Aortic Valve disease (Rheumatic fever at 21 years old)"
"39","A","awaiting left knee replacement"
"390","A","Osteoporosis"
"390","A","Atrial Fibrillation"
"391","A","Glaucoma"
"391","A","Diverticulitis"
"4","A","Pulmonary Fibrosis"
"4","A","Bilateral knee replacements"
"4","A","High alcohol intake"
"4","A","Depression"
"40","A","Previous stents - x? 7 (x2 (RCA) "
"40","A","Osteoarthritis"
"40","A","COPD"
"400","A","Asthma"
"401","V1","Hypertension"
"402","A","GORD"
"402","A","Ca Colon approx. 10yrs since - all clear given."
"402","A","MGUS"
"402","A","Hernia surgery 15 years since."
"402","A","Osteoarthritis"
"402","A","Breast lumpectomy"
"402","V1","Breast Cancer 20 years ago"
"403","A","CAD"
"403","V1","Systemic sclerosis"
"403","A"," Angio stent to LAD "
"403","A","PCI bare metal stent x2 to RCA"
"405","A","Appendectomy as a child"
"41","A","Transcatheter closure of patent foramen ovale "
"41","A","Shingles x 3 events "
"41","A","Ulcer- lower left leg"
"42","A","Asthma - no symptoms since"
"42","A","Endocarditis"
"43","A","IVC Filter"
"43","A","Asthma"
"43","A","Rhaumatoid Arthritus"
"430","A","IBS"
"430","A","Asthma"
"430","V1","Pleural plaques with previous asbestos exposure"
"430","A","TB - Late 30s"
"431","A","Hypertension"
"431","A","Hysterectomy "
"431","A","Mobilises with stick."
"431","V1","Hepatic portal hypertension"
"431","A","Systemic sclerosis"
"432","A","Ischaemic heart disease"
"432","A","Ischaemic Heart Disease (previous MI+CABG)"
"432","A","Hypertension"
"433","A","Hypercholesterolaemia"
"435","A","Ovarian Cyst"
"435","A","Diabetes (insulin"
"436","A","Hypothyroid"
"436","A","NSTEMI"
"436","A","Crest syndrome"
"436","A","Myocardial Infarction"
"436","A","Mild AS"
"437","A","Asthma"
"437","A","M.I."
"437","A","Lipidaemia"
"438","A","HTN"
"438","A","M.I"
"439","A","DVT"
"439","A","Emphysema"
"439","A","Right total knee replacement"
"44","A","Chronic Fatigue"
"44","A","Diabetes"
"44","A","Hypercholesterolaemia"
"44","A","DVT during pregnancy"
"44","A","?? TIA 10yrs ago"
"44","A","Hypothyroid"
"44","A","Current smoker"
"440","A","Angina"
"440","A","Angina"
"440","A","Arthritis"
"441","A","^ BP"
"441","A","Pulmonary Fibrosis"
"441","A","Itchy skin ? Psoriasis (takes Mizollen)"
"442","V1","Epilepsy"
"442","A","ex IVDU"
"443","A","polycythemia"
"443","A","IHD"
"443","A","Raynauds"
"443","A","Crest syndrome"
"444","A","PE"
"444","A","Migraine"
"444","A","Aortic Aneurysm"
"445","A","Prev umbilical hernia surgery"
"45","A","Head injury - aged 7  - Epilepsy "
"45","A","Systemic Hypertension"
"45","A","Previous alcohol excess"
"46","A","Rheumatoid Arthritis"
"46","A","Vit B12 Deficiency"
"46","V1","Pulmonary fibrosis - LTOT 15 hours a day"
"47","A","Angioplasty and stent Dec"
"47","A","Hysterectomy "
"48","A","Appendectomy + ?bowel surgery (?obstruction) 20 years since"
"48","A","MI "
"49","A","Type 2 Diabetes"
"49","A","gastroesophageal reflux"
"5","A","Hypercholesterolaemia"
"5","A","ex heavy smoker "
"5","A","Varicose veins"
"5","A","Asthma 20yrs"
"50","A","Divertculitisis"
"50","A","Hyperlipidaemia"
"50","A","L Hip replacement 3 months ago - fully recovered"
"50","A","Hypertension"
"50","A","Angina"
"500","A","PCI "
"500","A","NIDDM"
"500","A","Systemic Hypertension"
"500","A","Rheumatoid Arthritis"
"500","A","NSTEMI"
"5001","A","Cholecystectomy (20 years ago)"
"5001","A","Recent constipation awaiting results of biopsy results"
"5001","A","CT evidence of pulmonary emboli"
"5001","A","Angina for past  >6/12"
"5001","A","Haemorrhoids "
"5002","A","Colitis"
"5002","A","diabetes diet controlled"
"5002","A","systemic scelerosis"
"5002","A","Asthmatic / COPD"
"5003","A","Angina"
"5003","A","Raised PA pressure on echo"
"5003","A","severe COPD"
"5003","A","IBS"
"5003","A","Total Knee Replacement"
"5004","A","Previous stents x5 (RCA, LAD and LMS))"
"5005","A","Aortic stenosis"
"5005","A","Hypothyroid"
"5005","A","COPD/bronchitis"
"5005","A","chronic depression"
"5005","A","Kept pigeons had a + avian precitins and a diagnosis of bird fancier's lung disease was made."
"5005","A","severe mixed mitral valve disease"
"5005","A","PPM "
"5005","A","Small stomach ulcer "
"5005","A","Right total knee replacement"
"5005","A","PPM for heart block"
"5006","A","AF"
"5006","A","Duodenal Ulcer"
"5007","A","AF"
"5007","A","Variant of CREST"
"5008","A","CABG"
"5008","A","Perforated Duodenal Ulcer"
"5008","A","IHD"
"5008","V1","Insulin diabetic"
"5009","A","Chronic Backpain."
"5009","A","CABG"
"5010","A","ascitis"
"5010","A","PCI "
"5010","A","Back pain"
"5010","A","Chronic obstructive pulmonary disease"
"5010","A","PH on exercise in association with CTD"
"5010","A","Cervical Spondylosis (12 years)."
"5010","A","Pulmonary Hypertension ? cause"
"5010","A","Hysterectomy "
"5012","A","GORD"
"5012","A","Hypercholesterolaemia"
"5012","A","Atrial Fibrillation"
"5014","A","CABG x3 FAILED"
"5014","A","angina x 1 stent"
"5016","A","CABG"
"5016","A","Left knee replacement"
"5016","A","Benign prostate hypertophy"
"5017","A","MI x2 8yrs ago and 4yrs ago"
"5017","A","Dilated cardiomyopathy"
"5017","A","Duodenal Ulcer"
"5017","A","Jaundice aged 9"
"5018","A","Pernicious Anaemia"
"5019","A","PVD - claudication"
"502","A","Lichen Sclerosis"
"502","A","Depression"
"502","A","Trop negative chest pain"
"502","A","Mild interstitial lung fibrosis"
"5020","A","PH with preserved cardiac output"
"5021","A","Hiatus Hernia"
"5021","A","Oesophageal reflux"
"5022","A","Osteoarthritis (spine)"
"5022","A","Type 2 Diabetes"
"5022","A","severe COPD"
"5022","A","Scleroderma"
"5022","A","ASD closed "
"5024","A","Hernia surgery 15 years since."
"5027","A","Asthma"
"5027","A","Jaundice aged 9"
"5028","A","GORD"
"5029","A","DVT"
"5029","A","Nil"
"5029","A","Echo = mild L ventricular dysfunction"
"5029","A","DVT 10 years ago"
"5029","A","Amputation of R large toe = malignant Melanoma (many years ago)"
"5029","A","Hernia Op (2 year ago)."
"5031","A","Hiatus Hernia"
"5033","A","Psoriasis "
"5033","A","Hypertension"
"5033","A","Arthritis Right knee"
"5034","A","No PMH"
"5034","A","CVA (date unknown)"
"5036","A","MI "
"5036","A","MI - angioplasty "
"5036","A","Pre PE "
"5037","A","? PH"
"5037","A","Barrett's oesophagus"
"5037","A","Angina and MI x 3 "
"5037","A","fistula left arm"
"5037","A","Limited systemic sclerosis with secondary sjogren's syndrome"
"5038","A","Pulmonary Fibrosis"
"5039","A","Hypercalcaemia"
"5039","A","? PH"
"5039","A","PA pressure on echo 108 mmHg"
"504","A","Osteoarthritis"
"504","A","systemis hypertension"
"504","A","Hypertension"
"504","A","Emphysema"
"5040","A","Angina"
"5040","A","Erythrocytosis"
"5040","A","Inguinal hernia repair "
"5040","A","COPD"
"5040","A","ANTERIOR MI"
"5040","A","Hysterectomy "
"5040","A","Hyperlipidaemia"
"5041","A","COPD"
"5041","A","Hypercholesterolaemia"
"5042","A","TB fused right hip"
"5042","A","Hypertension"
"5042","A","Abcess in middle ear age 7yrs"
"5043","A","Type 2 Diabetes"
"5044","A","History of Asbestos exposure"
"5044","A","Limited systemic sclerosis with secondary sjogren's syndrome"
"5045","A","Erythrocytosis"
"5045","A","Asthma"
"5045","A","CABG x2"
"5045","A","Hypertension"
"5045","A","UTI in last Y12 Amoxicillin given"
"5046","A","SVT peri/post RHC "
"5046","A","Hypertension"
"5046","A","LHC disease in LAD"
"5046","A","PTCA, RCA, + STENT"
"5046","A","C.O.P.D"
"5046","A","RCA stenosis 95% diagnosed at Rotherham"
"5046","A","Diverticulitis"
"5046","A","High BMI"
"5047","A","NSTEMI"
"5047","A","severe pulmonary hypertension"
"5047","A","Mild LV impairment with hypokinetic anterior, anteroseptal and septal walls."
"5047","A","Telangiectasia"
"5047","A","Angina and previous MI"
"5048","A","Emphysema"
"5048","A","Systemic Hypertension"
"5048","A","Hernia repair 23 years ago"
"5049","A","Ulcer- lower left leg"
"5049","A","PCI "
"5049","A","CVA x2 (date unknown)"
"505","A","TVT approx 5 yrs ago."
"505","A","Pneumonia and Pleurasy napprox. 30yrs since"
"5050","A","Microscopic heamaturia with previous cystoscopy - no sinister cause"
"5050","A","Asthma - inhalers. Steroids in March (Acute Px). "
"5051","A","Prostatic symptoms"
"5051","A","Asthma"
"5051","A","CVA "
"5051","A","Chronic thromboembolic disease"
"5051","A","AF"
"5051","A","MI "
"5052","A","Dilated Oesophagus"
"5052","A","COPD"
"5052","A","CVA "
"5052","A","Admission to County Hospital for IV diuretics"
"5053","A","appendisectomy"
"5053","A","Microscopic heamaturia with previous cystoscopy - no sinister cause"
"5053","A","Reflux"
"5053","A","coeliac disease"
"5054","A","PAH"
"5055","A","Gout"
"5055","A","Hiatus Hernia"
"5056","A","Hypothyroid"
"5059","A","peripheral vascular disease"
"5059","A","Tooth removed "
"5059","A","Hysterectomy "
"5059","A","Systemic Hypertension"
"506","A","In patient @ RHH ward P3 when complaining of chest pain "
"5060","A","Type 2 Diabetic"
"5061","A","Arthritis"
"5061","A","PH out of proportion to underlying lung disease"
"5061","A","Asthma"
"5061","A","Hypertension"
"5062","A","DVT"
"5062","A","Emphysema"
"5062","A","Emphysema"
"5062","A","Atrial Fibrillation"
"5063","A","Asthma"
"5063","A","Mixed connective disease and digital ulcers.      "
"5063","A","subdural medically managed"
"5063","A","TB fused right hip"
"5063","A","L hand contracture - surgery perfomed to release this 9/52 since"
"5063","A","Systemic sclerosis"
"5063","A","Bilateral hip replacements"
"5064","A","PPM "
"5064","A","High Cholesterol"
"5064","A","Emphysema on CT"
"5064","A","Bilateral hip replacement"
"5064","A","CKD Stage III"
"5064","A","left leg DVT folloewd by bilateral PEs"
"5065","A","?PAH"
"5065","A","Angina"
"5065","A","Choleycystectomy"
"5066","A","Admission ro County Hospital for IV diuretics and IV Antibiotics"
"5066","A","Pulmonary sarcoidosis "
"5066","A","CABG x 4 "
"5066","A","Stent thrombosis = 7-3-11"
"5067","A","Transient Global Amnesia - last episode !year since"
"5067","A","PE"
"5067","A","L Hip replacement 3 months ago - fully recovered"
"5068","A","Osteoarthritis"
"5068","A","SLE"
"5069","A","Angio?"
"5069","A","STEMI  thrombolysed, failed PCI technically difficult"
"507","A","?pulmonary thromboembolism "
"507","A","Hypothyroid"
"507","A","Chest infection one week ago. "
"5070","A","TAH+B50 "
"5070","A","Osteoarthritis"
"5070","A","Arthritis Left Hip"
"5070","A","MI "
"5070","A","Chronic thromboembolic disease"
"5070","A","Systemic Sclerosis Limited Cutaneous Disease"
"5070","A","Cellulitis"
"5070","A","Diabetes for the past 18/12"
"5071","A","PE"
"5072","A","Systemic Hypertention"
"5072","A","NIDDM - diet controlled"
"5073","A","Diffuse large B. cell carcinoma "
"5073","A","SLE"
"5073","A","Borderline Diabetes"
"5073","A","Episode of DIC"
"5073","A","NIDDM"
"5073","A","GI Bleed (when taking aspirin)"
"5073","A","Raynauds"
"5073","A","COPD"
"5073","A","Hypercholesterolaemia"
"5073","A","Cholecystectomy"
"5073","A","Appendectomy aged 6yrs"
"5075","A","Atrial Fibrilation"
"5075","A","CABG"
"5075","A","IDDM"
"5075","A","Positive ETT"
"5077","A","paroxsymal AF"
"5078","A","Chronic renal failure"
"5078","A","Hysterectomy (Fibroids)"
"5078","A","x2 DNCs"
"5078","A","Hiatus Hernia"
"5079","A","Reflux + Gastritis"
"5079","A","Hypertension"
"508","A","Chronic back pain"
"508","A","Systemic sclerosis"
"5080","A","Ex smoker"
"5080","A","CABG in future at a later date."
"5081","A","Pulmonary TB - 35 yrs ago"
"5081","A","Hx. of borderline diabetes - ? resolved"
"5081","A","Pulmonary high BP"
"5082","A","DVT"
"5082","A","Hypercholesterolaemia"
"5082","A","tumor removed to face"
"5083","A","Duodenal Ulcer"
"5083","A","Sjogren's Disease"
"5083","A","+ Myoview scan"
"5084","A","Congenital nystagmus/achromatopsia"
"5084","A","Asthma"
"5084","A","Hypertension"
"5084","A","Systemic Hypertension"
"5086","A","Hypertension"
"5086","A","severe mixed mitral valve disease"
"5086","A","MI "
"5086","A","Asthma"
"5086","A","severe pulmonary hypertension"
"5087","A","Pulmonary Fibrosis"
"5088","A","Bi lateral Xanthelase"
"5088","A","Family history of PH in son"
"5089","A","Chronic Fatigue"
"5089","A","R below knee amputation secondary to osteomyelitis. following prev RTA 32 years prior. "
"5089","A","Raynauds phenomena"
"509","A","Total Knee Replacement"
"509","A","Right total knee replacement"
"509","A","Iron deficiency anaemia"
"509","A","Smoker"
"5090","A","Asthmatic"
"5090","A","VF arrest  = NSTEMI RDGH"
"5090","A","DVT"
"5091","A","Troponin I 0.19 "
"5091","A","Hypertension"
"5091","A","Barratt's oesophagus"
"5092","A","CABG"
"5093","A","COPD"
"5094","A","Non-alcoholic liver disease"
"5094","A","Anaemia 2: To diverticulitis over 20 years ago"
"5094","A","Previous MI & CABG (2 Vessel)."
"5094","A","Ca Prostate"
"5095","A","Reflux"
"5095","A","Itchy skin ? Psoriasis (takes Mizollen)"
"510","A","Diverticular disease"
"511","A","MI x1  - x3 stents PCI to LAD + Circumflex"
"512","A","Raynauds phenomena"
"512","A","Mitral valve repair"
"513","V1","Fractured right wrist"
"514","A","severe mixed mitral valve disease"
"514","A","MI "
"515","A","DVT 10 years ago"
"516","A","C/P  -> INF STEMI -> PPCI to RCA -> Stented x2"
"516","A","Chronic sarcoidosis with Fibrosis"
"516","A","High Cholesterol"
"516","A","Hypothyroidism"
"516","A","PAF- Paroxysamal Atrial Fibrillation"
"516","A","PAH"
"517","A","Chronic thromboembolic disease"
"517","A","Arthritis"
"517","A","Limited cutanum       with pulmonary "
"517","A","Sjogren's Disease"
"518","A","Possible TIA"
"518","A"," MI  "
"518","V1","Hypothyroid"
"518","A","Thyroidectemy"
"519","A","Hypercholesterolaemia"
"519","A","Raised Cholesterol"
"519","A","Hypertension"
"519","A","Asthma/COPD "
"519","A","Re CABG x3 "
"52","A","PH with preserved cardiac output"
"52","A","worked for a powder coating company"
"52","A","Increased Cholesterol"
"52","A","Chest infection one week ago. "
"521","A","Ulcer- lower left leg"
"521","A","Emphysema"
"522","A","gastroesophageal reflux"
"522","A","Increased SOB"
"522","A","Raynaud's Disease"
"523","A","Raised Cholesterol"
"523","A","Increased Cholesterol"
"523","A","Hypercholesterolaemia"
"524","A","Ischaemic heart disease"
"524","A","Depression"
"524","V1","Bi lateral Varicose veins "
"524","A","Concussion x 3"
"524","A","Idiopathic Thrombocytopenic Purpura"
"524","A","Duodenal Ulcer"
"525","A","Previous Stents inserted"
"525","A","Hypothyroidism"
"526","A","Ablation for persistant Atrial flutter"
"526","A","10yrs ago surgery to brain for Epilepsy (RHH)"
"527","A","Right middle lung lobe collapse"
"527","A","Depression"
"527","A","Hypotensive"
"527","A","Mild Asthma"
"528","A","Pleural plaques with previous asbestos exposure"
"528","A","AF on Warfarin"
"528","A","Surgery to remove L, upper lobe due to TB "
"529","A","C/P  -> INF STEMI -> PPCI to RCA -> Stented x2"
"529","A","Hypertension"
"529","A","History of venous thromboembolism with DVT many years ago"
"53","A","moderate aortic disease"
"53","A","Depression and anxiety"
"530","A","Breast Cancer 20 years ago"
"530","A","PPM "
"531","A","Traumatic leg amputation"
"531","A","Ulcerative Colitis"
"532","A","left mastectomy "
"532","A","Pulmonary Fibrosis"
"533","A","2 previous stents"
"533","A","None"
"533","A","Hypercalcaemia"
"534","A","Arthritis"
"535","A","Arthritis / spondylosis"
"535","A","Hypothyroidism"
"535","A","Hypertension"
"535","A","Hysterectomy "
"535","A","Hypertension"
"535","A","Left Total Knee Replacement "
"536","A","Elevated systolic PA pressure on ECHO interstitial lung disease"
"537","A","Scleroderma"
"537","A","Hypercholesterolaemia"
"537","A","AAA stents "
"537","A","History of Stomach Ulcer"
"537","A","Osteoarthritis"
"538","A","Osteoarthritis - in both Knees"
"538","A","Asthma"
"538","A","PE"
"539","A","Ischaemic optic neuropathy"
"540","A","LSS - 10 years "
"540","A","RCA stenosis 95% diagnosed at Rotherham"
"540","A","Serverely dilated right heart, severely impaired RV function and paradoxical septal motion"
"540","A","Left Hip Replacement"
"541","A","Gastric - ? reflux"
"542","A","Aortic stenosis"
"543","A","Systemic Hypertension"
"543","A","Previous alcohol excess with cirrhosis (now abstinent)"
"543","A","DVT"
"543","A","Jaundice aged 16yrs"
"544","A","Surgery for twisted urethra 2/12 since"
"544","A","MI x1  - x3 stents PCI to LAD + Circumflex"
"545","A","PVD"
"546","A","diabetes diet controlled"
"547","A","tablet controlled diabetic"
"547","A","Skin grafts"
"549","A","Hiatus Hernia"
"549","A","NIDDM"
"55","A","Hypertension"
"55","A","STEMI  thrombolysed, failed PCI technically difficult"
"55","A","CABG x2"
"55","A","Hypothyroid"
"55","A","Renal Ca R, Nephrectomy >20yrs since"
"55","A","# Ankle"
"55","A","TURP"
"550","A","IVC filter insertion"
"551","V1","+ve ETT"
"551","A","Hypothyroid"
"552","A","Hypothyroidism"
"553","A","TB spine and ankle"
"553","A","MI x1  - x3 stents PCI to LAD + Circumflex"
"553","A","Myocardial Infarction"
"553","A","Mild AS"
"553","A","NSTEMI"
"554","A","PCI "
"555","A","Super- renal AAA"
"556","A","DVT"
"556","A","AF"
"556","V1","Surgery L + R knees"
"558","A","? PH"
"558","A","Varicose vein surgery L + R legs >10yrs since"
"558","A","Likely CTEPH"
"558","V1","8-9mm small ASD without significant shunting"
"558","V1","Asthma"
"559","A","polymyositis"
"559","A","COPD/Emphysema"
"559","V1","Hypothyroidism"
"559","A","R total hip replacement "
"560","A","Hyperlipidaemia"
"561","A","Hypothyroidism"
"562","A","COPD"
"562","A","hayfever"
"562","A","Hypertension"
"562","A","Hypertension"
"563","A","coeliac disease"
"563","A","Shingles x 3 events "
"563","A","Hypercholesterolaemia"
"563","A","TIA"
"564","A","PCI/Stent to LAD "
"564","A","Essential hypertension"
"565","A","CABG"
"565","A","Hiatus Hernia"
"565","A","PE"
"565","A","Hypertension"
"565","A","ex heavy drinker"
"565","V1","Hypertension"
"565","A","CCP walking up stairs"
"566","A","Bilateral knee replacements"
"566","A","Hypertension"
"567","A","TURP"
"567","A","CABG"
"567","A","2 x Lipoma removals from back - approx 10 yrs ago."
"567","A","CABG"
"567","A","DVT during pregnency 40 yrs ago"
"567","A","Osteoarthritis"
"567","V1","Diagnosed with PE"
"568","A","MI "
"568","A","Ca Prostate"
"568","A","Sciatica - Lower lumber region."
"568","A","+ve ETT"
"568","A","CABG"
"569","A","Exercise Tolerance Test"
"569","A","Right inguinal hernia"
"569","A","Upper Lobe Emphysema"
"570","A","TB R Knee"
"570","A","Varicose veins with thrombophlebitis"
"571","A","Unexplained cholestasis"
"571","A","MI "
"571","A","breast Ca 14ys ago lumpectomy and radiotherapy 5/6"
"574","A","IHD"
"574","A","Previous GI Bleed"
"575","A","LVF"
"576","A","Depression"
"576","A","Recurrent angina 2 vessels blocked"
"578","A","Pulmonary Fibrosis"
"578","A","L hand contracture - surgery perfomed to release this 9/52 since"
"578","A","Arthritis"
"579","A","Choleycystectomy"
"579","A","NSTEMI"
"579","A","MI x1 =5yrs since"
"58","A","COPD"
"580","A","Reflux"
"580","A","Raynaud's phenomenon"
"581","A","Limited cutaneous systemic sclerosis with myositis"
"581","A","Chest pains"
"581","A","Microscopic heamaturia with previous cystoscopy - no sinister cause"
"581","A","STEMI  thrombolysed, failed PCI technically difficult"
"581","A","Raynauds phenomenon"
"582","A","Antiphosphospholipid syndrome"
"582","A","Migraine"
"582","A","Hearing Aid."
"582","A","Transferred to RHH "
"583","A","Enlarged Prostate BPH"
"584","A","No benefit with trail of targeted pulmonary vascular therapy"
"584","A","repair of tetralogy of fallot age 7"
"585","A","IHD"
"585","A","Hypertension"
"586","V1","Raised PA pressure"
"59","A","Asthma"
"6","A","Hysterectomy "
"6","A","R arthritis"
"6","A","Raised PA pressure on echo"
"6","A","Pulmonary fibrosis - NSIP Type - had lung biopsy"
"6","A","Previous MI"
"6","A","LHC disease in LAD"
"6","A","Hypertension"
"60","A","Raised Cholesterol"
"60","A","Hernia Op (2 year ago)."
"60","A","Inguinal hernia repair "
"60","A","R knee replacement"
"61","A","IBS"
"61","A","DVT"
"61","A","COPD"
"61","A","Depression"
"61","A","Hypertension"
"61","A","Peripheral Neuropathy"
"61","A","PCI to RCA "
"62","A","Previous asbestos exposure in the past with pleural plaques"
"62","A","Hiatus Hernia"
"62","A","Osteoarthritis"
"63","A","Tooth removed "
"63","A","TIA"
"63","A","Myocarditis"
"63","A","ex-smoker"
"64","A","NIDDM"
"64","A","Pulmonary Fibrosis"
"65","A","TIA"
"65","A","right heart failure"
"65","A","Asthma COPD"
"66","A","# R foot age 9yrs RTA"
"66","A","Asthma 20yrs"
"66","A","Appendectomy as a child"
"67","A","Previous Stents inserted"
"67","A","Right groin hernia repair (2 years since)"
"67","V1","Cellulitis  ABs given)"
"67","A","Oesphageal Reflux"
"67","A","femoral neck osteopenia"
"67","A","+ ve ETT"
"67","A","Mitral valve repair"
"67","A","Hiatus Hernia Repair"
"67","A","x2 DNCs"
"67","A","PVD - claudication"
"67","A","Arthritis"
"68","A","Rheumatoid Arthritis"
"68","A","Interstitial lung disease- diagnosis Chronic EAA"
"68","A","Pulmonary sarcoidosis "
"69","A","Diverticulits"
"69","A","Migraines"
"69","A","Pulmonary fibrosis related to CTD"
"69","A","Severe CAD - 2 Vessel."
"7","A","? slightly fatty liver"
"7","A","Systemic Sclerosis Limited Cutaneous Disease"
"70","A","M.I."
"70","A","PH out of proportion to underlying lung disease"
"70","A","Heart failure"
"70","A","? Pulmonary nodule"
"70","A","SOB for 12/12"
"70","A","Jejunostomy"
"70","A","Asthmatic"
"70","A","Rheumatoid Arthritis"
"7010","A","Arthritis."
"7010","A","Diffuse Systemic Sclerosis"
"7010","A","Hypertension"
"7024","A","Family history of clot ( mother had multiple DVT's)"
"7026","V1","Hypertension"
"7026","A","RTA"
"7028","A","Pulmonary sarcoidosis "
"7029","A","NIDDM"
"7031","A","None"
"7032","A","Angina"
"7033","A","Inguinal hernia repair "
"7033","A","No benefit with trail of targeted pulmonary vascular therapy"
"7035","A","Hypertension"
"7036","A","* CXR =  bi lateral basal crackles IV augmentin given on ward. P3/RHH"
"7037","A","Angioplasty and stent 8 years ago"
"7039","A","Previous bilateral carpal tunnel syndrome"
"7041","A","Hypertension"
"7041","V1","Anxiety"
"7042","A","Hypertension. "
"7043","A","Choleycystectomy"
"7043","A","Duodenal Ulcer"
"7043","A","Hyperlipidaemia"
"7045","A","angina x 1 stent"
"7048","A","Cutaneous systemic sclerosis"
"7049","A","Hep C + "
"7050","A","MI "
"7050","A","NIDDM"
"7053","A","NSTEMI"
"7053","A","Dermatitis = uses creams prn"
"7054","A","Gastric acid"
"7055","A","Hypertension"
"7055","A","Connective Tissue Disorder"
"7055","A","? Arrhythmia"
"7055","A","Rheumatoid Arthritis"
"7056","A","Circulation problem vascular (legs) awaiting investigations."
"7056","A","Lichen Sclerosis"
"7056","A","PH on echo PA pressure = 65-70"
"7056","A","DVT"
"7059","A","Systemic sclerosis limited type"
"7059","A","Currently treated for COPD"
"7060","A","Hypertension"
"7060","A","Awaiting trans urethral resection of prostate"
"7060","A","Abdominal Aortic Aneurysm discovered on admission "
"7060","A","COPD"
"7061","A","Raynauds"
"7061","A","COPD"
"7062","A","IHD"
"7064","A","Bilateral Pulmonary Emboli "
"7064","A","Divertculitisis"
"7064","A","SSC limited type"
"7065","A","Hysterectomy "
"7065","A","irritable bowel syndrome"
"7066","V1","Previous PCI "
"7066","A","Depression"
"7066","A","Rheumatoid Arthritis"
"7066","A","SLE"
"7067","A","AF - DC Cardioversoin"
"7068","A","Hysterectomy "
"7068","A","Osteoarthritis in both knees. Due for Vascular OPA due to pain in both legs when mobilising."
"7068","A","Heterozygous for Factor V Leiden."
"7068","A","NSTEMI"
"7069","A","UTI - antibiotics"
"71","A","R knee replacement"
"71","A","Reflux + Gastritis"
"72","A","Pulmonary Fibrosis"
"74","A","NIDDM"
"76","A","PPM AF"
"76","A","Hypothyroid"
"76","A","Systemic Hypertension"
"76","A","Bilateral carpal tunnel disease"
"76","A","Previous MIs - x2 NSTEMIs "
"77","A","TURP"
"77","A","Hypothyroidism"
"78","A","? slightly fatty liver"
"78","A","Choleycystectomy"
"79","A","LVF"
"79","A","Bi lateral Varicose veins "
"79","A","Dermatitis = uses creams prn"
"79","A","Hypercholesterolaemia"
"79","A","Limited systemic sclerosis "
"80","A","Hx of Leg Ulcers"
"80","V1","Admission with complicated parapneumonic effusion requiring intercostal tube drainage"
"80","A","IDDM"
"81","A","Bilateral retina detachment correction x 5"
"81","A","Hernia repair 23 years ago"
"81","A","UTI"
"81","A","Hypertension"
"81","A","Multiple PE's"
"81","A","Positional Vertigo"
"81","A","Hiatus Hernia"
"81","A","Kelois Scars"
"82","A","Systemic Hypertension"
"82","A","MI (approximate date) (confirmed on scan at a later date)."
"82","A","Hypertension"
"82","A","Ischaemic heart disease"
"82","A","Re CABG x3 "
"82","A","Bells Palsy"
"83","A","PCI = Occlusion of Proximal LAD +disease in RCA"
"83","A","AF"
"83","A","Asthma"
"84","A","Iron deficiency anaemia"
"84","A","Angina"
"84","A","Increased Blood Pressure"
"84","A","Angina"
"84","A","palliative percutaneous procedure age 3"
"84","A","Raynaud's"
"85","A","Raised Cholesterol"
"85","A","Connective Tissue Disorder"
"85","A","Systemic Hypertension"
"85","A","Osteoarthritis"
"85","A","Ongoing chest pain from 2 day history"
"85","A","Angina"
"85","A","Angina"
"85","A","Scleroderma"
"86","A","+ Myoview scan"
"86","A","CKD stage 3"
"86","A","STEMI + PCI to LAD + 2x stents to LAD"
"86","A","Super- renal AAA"
"86","V1","Diet controlled diabetes"
"86","A","Mild Asthma"
"86","A","Type II diabetes"
"87","A","Pneumonia x3"
"87","A","Hypothyroid"
"87","A","Depression"
"87","A","Alcohol induced cardiomyopathy"
"87","A","PE"
"87","A","benign skin lesions"
"87","A","Angina"
"87","A","C.O.P.D"
"88","A","osteoparosis"
"88","A","Hepatitis in her 30's ? Hep A"
"88","A","Increased SOB"
"88","V1","Thoracic AAA "
"89","A","Gout"
"89","A","Tinitus"
"9","A","Previous GI Bleed"
"9","A","B12 Defficency"
"9","A","x2 stents"
"9","A","Asthma/COPD "
"9","A","Bilateral PE's "
"90","A","?PAH"
"90","A","angina x 1 stent"
"90","A","benign skin lesions"
"90","A","ex heavy smoker "
"90","A","Raynauds"
"90","A","CKD Stage III"
"91","A","Hypercholesterolaemia"
"91","A","Diffuse interstitial lung disease associated with connective tissue disease"
"91","A","Pulmonary Fibrosis"
"91","A","T2DM"
"91","A","Stent thrombosis = 7-3-11"
"91","A","TIA"
"91","A","Kelois Scars"
"92","A","Osteoarthritis L + R"
"92","A","High blood pressure in pregnancy"
"92","A","Hiatus Hernia"
"93","A","Colecystectomy"
"93","A","Raynauds Syndrome"
"93","A","Ex smoker"
"94","A","Aortic stenosis"
"94","V1","Previous MI"
"94","A","Episode of DIC"
"96","A","polymyositis"
"96","A","Varicose vein surgery L+R legs"
"96","A","Type 2 Diabetes"
"96","A","Cholecystectomy"
"97","A","Pernicious Anaemia"
"97","A","Arthritis"
"97","A","MI x1 "
"97","A","Angina"
"98","A","Connective Tissue Disorder"
"98","A","total mastectomy "
"98","A","Emphysema"
"98","A","Jaundice aged 16yrs"
"98","A","Chest wall shingles 4 years ago"
"99","A","CABG"
"99","A","PPM "
"99","A","Hypertension, high cholesterol, raised BMI"
"99","A","Raynaud's"
"99","A","Brain Haemorrhage - subsequent epilepsy - migraine."
