"pats_patient_study_groups#study$number","pats_patient_study_groups#studycode$item","pats_patient_study_groups#cohort$item","pats_patient_study_groups#gender$item","pats_patient_study_groups#age$number","pats_patient_study_groups#ethnicorigin$item","pats_patient_study_groups#survivaldays$number","pats_patient_study_groups#dead$item"
"1","OPD","PH(MAIN)","Female","48","1. White British","509","No"
"10","PH","PH(MAIN)","Male","55","1. White British","307","No"
"100","PH","PH(MAIN)","Male","59","1. White British","619","No"
"100001","CV","PH(MAIN)","Female","57","1. White British","118","No"
"100002","CV","OPD","Female","63","1. White British","340","No"
"100003","HV","CV(MAIN)","Male","30","1. White British","476","No"
"100004","PH","CV(MAIN)","Male","76","1. White British","244","No"
"100005","CV(RS-VN)","HV","Male","50","1. White British","271","No"
"100006","PH","CV(MAIN)","Male","56","1. White British","257","No"
"100007","PH","OPD","Female","45","1. White British","339","No"
"100008","CV(V3)","CV(MAIN)","Female","51","1. White British","857","No"
"100009","CV(DO)","PH(MAIN)","Male","46","1. White British","-181","No"
"100010","CV(V3)","PH(MAIN)","Male","65","1. White British","461","No"
"100011","CV(RS-VN)","PH(MAIN)","Female","78","1. White British","283","No"
"100012","PH(V3)","CV(MAIN)","Male","35","1. White British","549","No"
"100013","CV(DO)","HV","Male","72","1. White British","376","No"
"100014","PH(V3)","OPD","Male","52","1. White British","306","No"
"100015","OPD","PH(MAIN)","Male","66","1. White British","527","No"
"100016","PH","CV(MAIN)","Female","63","1. White British","303","No"
"100017","CV(DO)","HV","Male","81","1. White British","316","No"
"100018","PH(DO)","PH(DO)","Male","59","1. White British","490","No"
"100019","CV(V3)","CV(MAIN)","Female","70","1. White British","562","No"
"100020","CV(RS-VN)","PH(MAIN)","Male","59","1. White British","287","No"
"100021","PH","CV(MAIN)","Female","92","1. White British","722","No"
"100022","CV","OPD","Male","55","1. White British","220","No"
"100023","CV(DO)","PH(MAIN)","Female","59","1. White British","1256","No"
"100024","PH(V3)","OPD","Female","63","1. White British","550","No"
"100025","CV(DO)","PH(DO)","Female","31","1. White British","409","No"
"100027","CV(RS-VN)","OPD","Female","23","1. White British","190","No"
"100028","OPD","PH(MAIN)","Male","70","1. White British","114","No"
"100029","CV(V4)","HV","Female","25","1. White British","735","No"
"100030","HV","PH(MAIN)","Male","73","1. White British","538","No"
"100031","PH","OPD","Female","36","1. White British","346","No"
"100032","OPD","CV(MAIN)","Male","54","1. White British","210","No"
"100033","CV(RS-VN)","CV(MAIN)","Male","54","1. White British","138","No"
"100034","OPD","HV","Male","69","1. White British","145","No"
"100035","CV","CV(RS-VN)","Male","61","1. White British","605","No"
"100036","CV(RS-VN)","PH(MAIN)","Female","71","1. White British","643","No"
"100037","CV","CV(RS-VN)","Male","50","1. White British","609","No"
"100038","PH","OPD","Male","59","1. White British","87","Yes"
"100039","OPD","PH(MAIN)","Male","62","1. White British","497","No"
"100041","CV","PH(MAIN)","Male","58","1. White British","-124","No"
"100042","PH","CV(MAIN)","Female","50","1. White British","497","No"
"100043","HV","CV(RS-VN)","Male","50","1. White British","608","No"
"100044","PH","PH(MAIN)","Female","68","1. White British","469","No"
"100046","CV","CV(RS-VN)","Male","46","1. White British","-54","No"
"100047","CV(V3)","CV(DO)","Male","68","1. White British","274","No"
"100048","CV(DO)","CV(MAIN)","Female","48","1. White British","426","No"
"100049","PH(DO)","HV","Male","58","1. White British","782","No"
"100050","HV","CV(DO)","Female","79","1. White British","661","No"
"100051","HV","OPD","Female","55","1. White British","567","No"
"100052","PH(V3)","CV(MAIN)","Female","38","1. White British","346","No"
"100053","PH","HV","Female","74","1. White British","283","No"
"100054","CV","PH(MAIN)","Male","65","1. White British","665","No"
"100055","PH(V3)","OPD","Male","61","1. White British","388","Yes"
"100056","PH","CV(DO)","Female","49","1. White British","727","No"
"100058","CV(RS-VN)","HV","Female","56","1. White British","608","No"
"100059","CV(DO)","CV(MAIN)","Male","36","7. Black Caribbean","53","No"
"100060","HV","PH(MAIN)","Male","65","1. White British","327","No"
"100062","OPD","CV(MAIN)","Male","70","1. White British","351","No"
"100063","PH(V3)","CV(DO)","Female","84","1. White British","306","No"
"100064","CV","CV(DO)","Female","52","1. White British","427","No"
"100065","HV","CV(MAIN)","Male","86","1. White British","-3","No"
"100066","CV(V3)","PH(MAIN)","Male","44","1. White British","-206","No"
"100067","CV(V3)","HV","Male","45","1. White British","492","No"
"100068","CV(V3)","CV(RS-VN)","Female","65","1. White British","596","No"
"100069","OPD","PH(MAIN)","Male","54","1. White British","-5","No"
"100070","OPD","PH(MAIN)","Female","38","1. White British","312","No"
"100071","HV","CV(DO)","Female","42","1. White British","368","No"
"100072","CV(RS-VN)","CV(MAIN)","Male","69","1. White British","557","Yes"
"100073","CV(DO)","CV(MAIN)","Female","72","1. White British","319","No"
"100075","CV(RS-VN)","PH(MAIN)","Male","28","1. White British","729","No"
"100076","CV(RS-VN)","HV","Female","45","1. White British","323","No"
"100077","HV","CV(DO)","Male","55","1. White British","557","Yes"
"100078","PH","PH(MAIN)","Male","51","1. White British","434","No"
"100079","PH","CV(MAIN)","Male","51","1. White British","116","No"
"100081","PH","CV(MAIN)","Male","60","1. White British","35","No"
"101","CV(RS-VN)","HV","Male","68","1. White British","702","No"
"102","HV","OPD","Male","60","1. White British","519","No"
"103","CV","CV(MAIN)","Female","66","1. White British","142","No"
"104","PH(V3)","CV(DO)","Male","60","1. White British","239","No"
"105","PH","CV(RS-VN)","Female","51","1. White British","527","Yes"
"106","CV(RS-VN)","CV(RS-VN)","Male","57","1. White British","341","No"
"107","OPD","PH(MAIN)","Male","82","1. White British","622","No"
"108","OPD","OPD","Female","70","1. White British","139","No"
"109","CV(DO)","CV(RS-VN)","Female","65","1. White British","664","No"
"11","CV(RS-VN)","PH(MAIN)","Male","32","1. White British","167","No"
"110","PH","PH(MAIN)","Male","78","1. White British","451","No"
"111","PH","CV(MAIN)","Male","44","1. White British","0","No"
"112","PH(V3)","OPD","Male","77","1. White British","406","No"
"113","CV","CV(MAIN)","Female","60","1. White British","794","Yes"
"114","OPD","PH(MAIN)","Male","35","1. White British","751","No"
"115","OPD","OPD","Female","51","1. White British","281","No"
"116","CV(DO)","PH(MAIN)","Male","83","1. White British","153","No"
"117","OPD","PH(MAIN)","Male","55","1. White British","-177","No"
"118","CV(RS-VN)","CV(MAIN)","Female","68","10. Other","303","No"
"119","CV","PH(MAIN)","Female","60","1. White British","536","No"
"12","CV(RS-VN)","PH(MAIN)","Male","71","1. White British","273","No"
"120","PH","CV(RS-VN)","Female","56","1. White British","386","No"
"121","CV(V4)","CV(RS-VN)","Female","47","1. White British","0","No"
"122","CV(DO)","CV(MAIN)","Male","66","1. White British","428","No"
"123","OPD","OPD","Male","46","1. White British","548","No"
"124","CV(DO)","OPD","Male","81","1. White British","643","No"
"125","CV(RS-VN)","CV(RS-VN)","Female","61","1. White British","100","No"
"126","CV(RS-VN)","CV(MAIN)","Female","43","1. White British","518","No"
"127","PH","PH(MAIN)","Male","61","1. White British","77","No"
"128","CV(RS-VN)","CV(MAIN)","Male","70","1. White British","111","No"
"129","PH","PH(DO)","Male","64","1. White British","100","No"
"13","CV(V3)","CV(MAIN)","Male","66","1. White British","-9","No"
"130","CV","OPD","Female","75","1. White British","338","No"
"131","HV","CV(DO)","Male","60","1. White British","622","No"
"132","HV","CV(MAIN)","Male","58","1. White British","-153","No"
"133","CV(DO)","PH(MAIN)","Female","53","1. White British","666","No"
"134","OPD","PH(MAIN)","Male","53","1. White British","626","No"
"135","PH","OPD","Female","58","1. White British","365","No"
"136","CV(DO)","PH(MAIN)","Female","68","1. White British","270","No"
"137","PH","PH(MAIN)","Male","64",".   White European","252","No"
"138","CV(DO)","PH(MAIN)","Male","53",".   Asian Other","590","No"
"139","CV(RS-VN)","PH(MAIN)","Male","41","1. White British","407","No"
"140","PH(V3)","CV(MAIN)","Male","57","1. White British","64","Yes"
"141","HV","CV(DO)","Female","46","1. White British","484","No"
"142","CV(V3)","CV(MAIN)","Male","49","1. White British","420","No"
"143","PH(DO)","CV(DO)","Male","64","1. White British","352","No"
"144","CV(V3)","PH(MAIN)","Male","71","1. White British","210","No"
"145","CV(V3)","CV(MAIN)","Female","62","1. White British","317","No"
"146","PH","PH(MAIN)","Female","51","1. White British","294","No"
"147","OPD","PH(MAIN)","Male","60","1. White British","77","No"
"148","CV(V3)","PH(MAIN)","Female","78","1. White British","536","No"
"149","CV(DO)","OPD","Female","71","1. White British","232","No"
"15","CV(RS-VN)","CV(MAIN)","Male","71","1. White British","395","No"
"150","PH","PH(MAIN)","Male","60","1. White British","354","No"
"151","PH(V3)","PH(MAIN)","Female","53","1. White British","424","No"
"152","PH(DO)","CV(MAIN)","Male","29",".   White European","195","No"
"153","PH","CV(MAIN)","Male","47","1. White British","691","No"
"154","OPD","OPD","Female","33","1. White British","219","No"
"155","CV(RS-VN)","PH(MAIN)","Male","70","1. White British","135","No"
"156","CV(DO)","HV","Female","48","1. White British","308","No"
"157","CV","HV","Male","67","1. White British","344","No"
"158","CV","PH(MAIN)","Male","53","1. White British","559","No"
"159","CV(V3)","PH(MAIN)","Male","66","1. White British","706","No"
"16","PH(V3)","PH(MAIN)","Female","62","1. White British","859","Yes"
"160","PH","CV(RS-VN)","Female","46","1. White British","392","No"
"161","CV(RS-VN)","PH(MAIN)","Female","71","1. White British","413","No"
"162","PH","PH(MAIN)","Male","58","1. White British","459","No"
"163","PH(V3)","PH(MAIN)","Female","41","1. White British","694","No"
"164","CV(DO)","HV","Male","56","1. White British","152","No"
"165","CV(V2)","CV(MAIN)","Male","73","1. White British","423","No"
"166","HV","CV(DO)","Male","43","1. White British","-394","No"
"167","OPD","PH(MAIN)","Male","59","1. White British","588","No"
"168","CV(RS-VN)","HV","Male","33","1. White British","550","No"
"169","PH","PH(MAIN)","Male","83","1. White British","208","No"
"17","OPD","CV(MAIN)","Female","53","1. White British","778","No"
"170","CV","HV","Male","57","1. White British","566","No"
"171","OPD","PH(MAIN)","Male","35","1. White British","-22","No"
"172","CV(RS-VN)","PH(MAIN)","Male","49","1. White British","410","No"
"173","CV(RS-VN)","CV(MAIN)","Male","45","1. White British","163","No"
"174","PH(V3)","PH(MAIN)","Female","49","1. White British","483","No"
"175","CV(V3)","CV(DO)","Female","57","2. White Irish","581","No"
"176","CV(DO)","PH(MAIN)","Male","44","1. White British","555","No"
"177","PH(DO)","PH(MAIN)","Female","62","1. White British","372","No"
"178","PH","OPD","Female","73","1. White British","347","No"
"179","CV","OPD","Male","50","1. White British","80","No"
"18","CV(DO)","OPD","Male","56","1. White British","217","No"
"180","OPD","OPD","Female","59","1. White British","459","No"
"181","CV(RS-VN)","CV(DO)","Male","72","1. White British","117","No"
"182","PH(V3)","HV","Female","53","1. White British","670","No"
"183","CV(V3)","OPD","Female","77","1. White British","691","No"
"184","HV","CV(DO)","Male","58","1. White British","789","Yes"
"185","HV","CV(RS-VN)","Male","52","1. White British","124","No"
"186","CV(RS-VN)","PH(MAIN)","Male","78","1. White British","174","No"
"187","HV","PH(MAIN)","Male","61","1. White British","577","No"
"188","PH","CV(RS-VN)","Female","38","1. White British","439","No"
"189","CV","CV(MAIN)","Female","58","1. White British","495","No"
"19","CV","CV(MAIN)","Male","55","1. White British","186","No"
"190","CV","CV(RS-VN)","Male","39","1. White British","354","Yes"
"191","CV(V3)","PH(MAIN)","Female","58","1. White British","788","No"
"192","OPD","CV(RS-VN)","Male","54","1. White British","472","No"
"193","CV(DO)","OPD","Female","78","1. White British","457","No"
"194","CV","OPD","Male","69","1. White British","175","No"
"195","PH","CV(MAIN)","Male","57","1. White British","173","No"
"196","CV(RS-VN)","PH(MAIN)","Male","69","1. White British","268","No"
"197","OPD","CV(MAIN)","Male","63","1. White British","321","No"
"198","OPD","OPD","Male","59","1. White British","407","No"
"199","PH(V3)","OPD","Male","55","1. White British","253","No"
"2","PH","CV(RS-VN)","Male","82",".   White European","92","No"
"20","CV(V3)","CV(DO)","Female","43","1. White British","410","No"
"200","PH(DO)","PH(MAIN)","Male","44","1. White British","388","No"
"200006","CV(V3)","CV(RS-VN)","Male","77","1. White British","750","No"
"200007","CV(V3)","CV(RS-VN)","Male","90","1. White British","213","No"
"200008","CV(DO)","CV(RS-VN)","Female","55","1. White British","476","No"
"200009","PH","HV","Male","49","1. White British","715","No"
"200010","CV(V3)","PH(DO)","Female","61","1. White British","405","No"
"200011","OPD","PH(MAIN)","Male","56","1. White British","591","No"
"200012","CV(V4)","HV","Male","68","","186","No"
"201","PH","CV(RS-VN)","Male","49","1. White British","143","No"
"202","PH","PH(MAIN)","Male","77","1. White British","269","Yes"
"203","CV(DO)","OPD","Male","62","1. White British","323","No"
"204","OPD","PH(MAIN)","Male","65","1. White British","306","No"
"205","CV(V3)","CV(MAIN)","Male","90","1. White British","604","No"
"206","HV","PH(DO)","Male","51","1. White British","299","No"
"207","CV(V2)","CV(MAIN)","Male","83","1. White British","-256","No"
"208","CV(RS-VN)","OPD","Male","62","1. White British","638","No"
"209","HV","PH(MAIN)","Female","66","1. White British","269","Yes"
"21","CV","CV(MAIN)","Female","43","1. White British","497","No"
"210","CV(RS-VN)","PH(MAIN)","Male","42","1. White British","503","No"
"211","CV","OPD","Female","65","1. White British","312","No"
"212","CV(RS-VN)","CV(MAIN)","Male","45","1. White British","535","Yes"
"213","CV","OPD","Female","55","1. White British","156","No"
"214","OPD","CV(RS-VN)","Female","47","1. White British","567","No"
"215","CV","OPD","Male","52","1. White British","143","No"
"216","OPD","PH(MAIN)","Male","42","1. White British","647","No"
"217","PH","CV(RS-VN)","Male","61","1. White British","362","No"
"218","PH(V3)","PH(MAIN)","Male","62","1. White British","455","No"
"219","OPD","CV(DO)","Female","35","1. White British","794","No"
"22","CV(RS-VN)","CV(MAIN)","Female","55","1. White British","438","No"
"220","PH(V3)","PH(MAIN)","Female","48","1. White British","236","No"
"221","PH","HV","Female","67","1. White British","293","No"
"222","CV(RS-VN)","CV(MAIN)","Male","69","1. White British","876","No"
"223","PH(V3)","CV(MAIN)","Female","68","1. White British","126","No"
"224","CV","HV","Male","77","8. Black African","403","Yes"
"225","CV","PH(MAIN)","Male","59","1. White British","357","No"
"226","HV","CV(MAIN)","Female","55","1. White British","290","No"
"227","PH","PH(MAIN)","Male","73","1. White British","-5","No"
"228","OPD","HV","Female","57","1. White British","932","No"
"229","PH(V3)","PH(MAIN)","Male","59","","359","No"
"23","PH(V3)","HV","Male","59","1. White British","61","No"
"230","PH(V3)","CV(DO)","Male","52","1. White British","214","No"
"231","PH(V3)","CV(MAIN)","Male","54","1. White British","283","No"
"232","OPD","PH(MAIN)","Male","45","1. White British","434","No"
"233","CV(RS-VN)","CV(MAIN)","Male","63","1. White British","597","No"
"234","PH(V3)","PH(MAIN)","Male","41","1. White British","419","No"
"235","HV","CV(MAIN)","Female","48","1. White British","620","No"
"236","CV(V3)","CV(RS-VN)","Male","65","1. White British","160","No"
"237","CV(DO)","CV(MAIN)","Male","70","1. White British","330","No"
"238","CV(RS-VN)","CV(MAIN)","Female","64","1. White British","467","No"
"239","CV","PH(MAIN)","Male","63","1. White British","932","No"
"24","HV","PH(MAIN)","Male","57","1. White British","451","No"
"240","CV(RS-VN)","PH(MAIN)","Female","51","1. White British","425","No"
"241","OPD","PH(MAIN)","Male","83","1. White British","284","No"
"242","PH","OPD","Male","55","1. White British","410","No"
"243","OPD","CV(DO)","Female","40","1. White British","66","No"
"244","PH","PH(MAIN)","Female","82","1. White British","523","No"
"245","CV(RS-VN)","HV","Male","74","1. White British","628","No"
"246","CV(V3)","OPD","Female","70","1. White British","198","No"
"247","PH","CV(DO)","Male","55","1. White British","62","No"
"248","HV","CV(DO)","Male","64","3. White Other","499","No"
"249","CV","CV(MAIN)","Male","63","1. White British","-107","No"
"25","CV","CV(MAIN)","Male","49","1. White British","174","No"
"250","HV","OPD","Female","34","1. White British","-83","No"
"251","CV(RS-VN)","CV(MAIN)","Male","80","1. White British","157","No"
"252","CV","CV(RS-VN)","Female","68","1. White British","450","No"
"253","PH(V3)","OPD","Male","65","1. White British","394","No"
"254","PH","CV(DO)","Male","57","1. White British","134","No"
"255","PH(V3)","CV(MAIN)","Male","62","1. White British","206","No"
"256","OPD","CV(MAIN)","Female","57","1. White British","425","No"
"257","CV(RS-VN)","HV","Female","43","1. White British","168","No"
"258","PH","CV(DO)","Female","66","1. White British","351","No"
"259","CV(DO)","CV(RS-VN)","Female","46","1. White British","389","No"
"26","CV(V4)","OPD","Female","62","1. White British","275","No"
"260","PH","PH(MAIN)","Female","77","1. White British","183","No"
"261","CV(V3)","PH(MAIN)","Male","87","1. White British","281","No"
"262","PH","HV","Female","47","1. White British","-106","No"
"263","CV(DO)","PH(MAIN)","Female","80","1. White British","482","No"
"264","CV","PH(MAIN)","Female","56","1. White British","35","No"
"265","CV(V3)","CV(MAIN)","Female","55","1. White British","198","No"
"266","OPD","CV(MAIN)","Male","50","1. White British","364","No"
"267","CV(RS-VN)","CV(MAIN)","Female","45","1. White British","515","No"
"268","PH","CV(DO)","Male","65",".   White European","628","Yes"
"269","CV","CV(MAIN)","Male","69","1. White British","-43","No"
"27","CV(RS-VN)","PH(MAIN)","Male","44","1. White British","682","No"
"270","CV(V3)","HV","Male","55","1. White British","185","No"
"271","CV(V3)","CV(DO)","Male","47","1. White British","542","No"
"272","OPD","PH(MAIN)","Female","63","1. White British","572","No"
"273","CV(DO)","PH(MAIN)","Male","61","1. White British","907","No"
"274","CV(DO)","CV(RS-VN)","Male","46","1. White British","387","No"
"275","CV(RS-VN)","HV","Male","78","","709","No"
"276","CV(DO)","CV(MAIN)","Male","62","1. White British","-53","No"
"277","OPD","CV(RS-VN)","Male","61","1. White British","426","No"
"278","PH(V3)","PH(MAIN)","Male","51","1. White British","-63","No"
"279","PH(V3)","CV(MAIN)","Female","61","1. White British","382","No"
"28","PH","CV(RS-VN)","Male","39","1. White British","407","No"
"280","PH","CV(MAIN)","Female","74","1. White British","295","No"
"281","CV(V3)","CV(MAIN)","Male","46","1. White British","55","No"
"282","CV","CV(DO)","Female","56","1. White British","111","No"
"283","CV(RS-VN)","PH(MAIN)","Male","45","1. White British","598","No"
"284","HV","OPD","Male","79","","347","Yes"
"285","CV(RS-VN)","OPD","Male","62","1. White British","392","No"
"286","CV","PH(MAIN)","Male","48","1. White British","484","No"
"287","PH","CV(MAIN)","Male","57","","115","No"
"288","CV","CV(MAIN)","Female","46","1. White British","254","No"
"289","CV(RS-VN)","CV(DO)","Male","53","1. White British","521","No"
"29","CV(RS-VN)","HV","Male","40","1. White British","461","No"
"290","CV","CV(RS-VN)","Female","14","1. White British","582","No"
"291","CV(V3)","HV","Male","75","1. White British","173","No"
"292","CV(RS-VN)","CV(MAIN)","Male","58","1. White British","70","No"
"293","CV(V4)","CV(DO)","Female","62","1. White British","250","No"
"294","PH","CV(MAIN)","Male","55","1. White British","388","No"
"295","CV(RS-VN)","CV(DO)","Male","73","1. White British","-149","No"
"296","HV","PH(MAIN)","Male","73","1. White British","438","No"
"297","PH(V3)","CV(MAIN)","Male","56","1. White British","625","No"
"298","CV(DO)","CV(DO)","Male","42","1. White British","95","No"
"299","CV(RS-VN)","HV","Female","51","1. White British","345","No"
"3","CV","OPD","Male","75","1. White British","298","No"
"30","PH","CV(DO)","Male","78","1. White British","-82","No"
"300","CV(DO)","CV(MAIN)","Female","66","1. White British","336","No"
"301","PH(V3)","CV(DO)","Female","54","1. White British","493","No"
"302","CV(V3)","CV(MAIN)","Male","58","1. White British","615","No"
"303","CV","HV","Male","48","1. White British","232","No"
"304","PH","PH(MAIN)","Male","67","1. White British","822","No"
"305","CV(DO)","CV(MAIN)","Male","56","1. White British","45","No"
"306","PH(V3)","CV(RS-VN)","Male","51","1. White British","209","No"
"307","CV(V3)","PH(MAIN)","Female","56","1. White British","599","No"
"308","CV(RS-VN)","CV(MAIN)","Male","67","1. White British","284","No"
"309","CV(DO)","CV(RS-VN)","Female","58","1. White British","587","No"
"31","OPD","CV(RS-VN)","Male","67","1. White British","228","No"
"310","PH","PH(MAIN)","Female","79","1. White British","586","No"
"311","CV(RS-VN)","CV(RS-VN)","Female","49","5. Pakistani","145","No"
"312","CV","CV(MAIN)","Male","66","1. White British","269","Yes"
"313","PH","CV(MAIN)","Male","43","1. White British","367","No"
"314","CV(V3)","PH(MAIN)","Male","54","1. White British","603","No"
"315","CV(DO)","PH(MAIN)","Female","57","1. White British","-84","No"
"316","CV(RS-VN)","PH(MAIN)","Male","66","1. White British","-138","Yes"
"317","CV","CV(MAIN)","Male","71","1. White British","545","No"
"318","HV","CV(MAIN)","Male","40","1. White British","187","No"
"319","CV","CV(MAIN)","Male","79","1. White British","480","No"
"32","OPD","CV(MAIN)","Male","51","1. White British","833","No"
"320","PH(V3)","PH(MAIN)","Male","48","1. White British","180","No"
"321","PH","CV(RS-VN)","Male","54","1. White British","159","No"
"322","PH(V3)","CV(MAIN)","Female","54","1. White British","257","No"
"323","CV(V3)","PH(MAIN)","Male","58","1. White British","-66","No"
"324","PH(V3)","OPD","Male","45","1. White British","805","No"
"325","PH(V3)","HV","Female","30","1. White British","756","No"
"326","OPD","CV(MAIN)","Female","67","3. White Other","401","No"
"327","HV","PH(MAIN)","Female","70","1. White British","-156","No"
"328","PH","OPD","Male","88","1. White British","766","No"
"329","CV(RS-VN)","OPD","Male","71","1. White British","-130","No"
"33","PH","PH(MAIN)","Female","47","1. White British","350","No"
"330","PH","HV","Female","68","1. White British","325","No"
"331","OPD","CV(MAIN)","Female","47","1. White British","459","No"
"332","CV(DO)","CV(MAIN)","Male","54","1. White British","308","No"
"333","PH","PH(MAIN)","Male","75","1. White British","560","No"
"334","CV(V3)","OPD","Male","56","1. White British","480","Yes"
"335","OPD","CV(MAIN)","Female","64","1. White British","360","No"
"336","CV","OPD","Female","57","1. White British","260","No"
"337","CV(V3)","PH(MAIN)","Male","36","1. White British","545","No"
"338","CV(DO)","CV(RS-VN)","Male","69","1. White British","261","Yes"
"339","HV","OPD","Female","49","1. White British","567","No"
"34","HV","HV","Female","53","1. White British","464","No"
"340","CV(RS-VN)","CV(MAIN)","Male","39","1. White British","600","No"
"341","PH(V3)","OPD","Female","62","","-212","No"
"342","HV","PH(MAIN)","Male","73","","527","No"
"343","CV(DO)","CV(MAIN)","Female","53","1. White British","515","No"
"344","PH","CV(MAIN)","Female","62","1. White British","783","No"
"345","PH","CV(MAIN)","Female","69","1. White British","750","No"
"346","PH","CV(RS-VN)","Male","57","1. White British","852","No"
"347","PH(V3)","OPD","Male","64","1. White British","661","No"
"348","CV(V2)","CV(RS-VN)","Female","48","1. White British","55","Yes"
"349","CV","CV(RS-VN)","Female","53","1. White British","159","No"
"35","CV(DO)","CV(MAIN)","Male","56","1. White British","232","No"
"350","PH","CV(MAIN)","Female","41","","740","No"
"351","CV","CV(RS-VN)","Male","86","1. White British","91","No"
"352","CV(DO)","PH(MAIN)","Female","55","","408","Yes"
"353","CV(RS-VN)","OPD","Male","64","1. White British","383","No"
"354","CV(RS-VN)","CV(MAIN)","Female","52","1. White British","424","No"
"355","CV(RS-VN)","PH(MAIN)","Male","102","1. White British","200","No"
"356","CV","CV(RS-VN)","Female","59","1. White British","-200","No"
"357","CV(V4)","CV(DO)","Female","67","1. White British","531","No"
"358","OPD","PH(MAIN)","Female","66","1. White British","218","No"
"359","OPD","HV","Female","68","1. White British","-289","No"
"36","CV(DO)","HV","Male","55","1. White British","240","No"
"360","CV","HV","Female","52","1. White British","78","No"
"361","PH(DO)","OPD","Female","71","1. White British","242","No"
"362","CV(DO)","HV","Male","47","1. White British","667","No"
"363","PH","CV(MAIN)","Female","56","1. White British","103","No"
"364","CV(DO)","OPD","Male","68","1. White British","225","No"
"365","CV(V3)","PH(MAIN)","Female","46","1. White British","417","No"
"366","OPD","PH(MAIN)","Male","66","1. White British","274","No"
"367","HV","CV(DO)","Male","59","1. White British","195","No"
"368","PH","PH(MAIN)","Female","49","1. White British","398","No"
"369","HV","PH(MAIN)","Female","81","1. White British","250","No"
"37","OPD","CV(MAIN)","Male","46","1. White British","435","No"
"370","PH(V3)","PH(MAIN)","Male","58","1. White British","398","No"
"371","CV(RS-VN)","PH(MAIN)","Male","51","1. White British","-31","No"
"372","CV","CV(DO)","Female","79","1. White British","343","No"
"373","CV(V3)","OPD","Male","49","1. White British","418","No"
"374","PH","CV(RS-VN)","Male","44","1. White British","409","Yes"
"375","CV(DO)","OPD","Female","58","1. White British","571","No"
"376","CV(V3)","CV(MAIN)","Female","63","1. White British","362","No"
"377","CV(V3)","OPD","Male","72","1. White British","24","No"
"378","OPD","CV(MAIN)","Female","56","1. White British","726","No"
"379","CV","CV(MAIN)","Female","45","1. White British","45","No"
"38","CV(DO)","CV(RS-VN)","Female","35","1. White British","374","No"
"380","CV","OPD","Male","69","1. White British","359","No"
"381","PH(V3)","OPD","Female","60","1. White British","302","No"
"382","CV","PH(MAIN)","Male","69","1. White British","265","No"
"383","CV(DO)","CV(MAIN)","Male","61","1. White British","464","No"
"384","OPD","CV(MAIN)","Male","58","1. White British","108","No"
"385","CV","CV(MAIN)","Male","70","1. White British","824","No"
"386","PH","PH(MAIN)","Male","62","1. White British","123","No"
"387","CV(V3)","CV(RS-VN)","Female","46","","378","No"
"388","PH(V3)","PH(MAIN)","Male","57","1. White British","363","No"
"389","CV(DO)","PH(MAIN)","Male","65","1. White British","140","No"
"39","CV","CV(MAIN)","Male","36","7. Black Caribbean","405","No"
"390","CV(V3)","CV(DO)","Female","52","1. White British","382","No"
"391","PH(V3)","OPD","Male","68","1. White British","233","No"
"4","CV(V3)","CV(RS-VN)","Male","64","1. White British","607","No"
"40","HV","CV(MAIN)","Male","56","1. White British","432","No"
"400","CV","CV(MAIN)","Female","38","1. White British","177","No"
"401","CV","CV(MAIN)","Female","53","1. White British","230","No"
"402","CV(RS-VN)","CV(MAIN)","Female","86","1. White British","421","No"
"403","CV(V3)","PH(MAIN)","Male","74","1. White British","518","No"
"404","CV(RS-VN)","PH(MAIN)","Male","50","1. White British","335","No"
"405","CV(RS-VN)","CV(MAIN)","Male","64","1. White British","861","Yes"
"41","PH","CV(RS-VN)","Male","63","1. White British","264","No"
"42","PH(V3)","CV(MAIN)","Male","74","1. White British","293","No"
"43","CV(V3)","CV(MAIN)","Male","42","1. White British","462","No"
"430","PH(V3)","CV(MAIN)","Male","52","1. White British","357","No"
"431","CV(RS-VN)","PH(MAIN)","Male","72","1. White British","46","No"
"432","CV","CV(MAIN)","Male","53","1. White British","602","No"
"433","PH(V3)","CV(RS-VN)","Female","33","1. White British","456","No"
"434","OPD","HV","Female","67","1. White British","398","No"
"435","CV","CV(DO)","Male","59","1. White British","169","No"
"436","CV(DO)","CV(RS-VN)","Male","47","1. White British","973","No"
"437","CV","HV","Female","60","1. White British","408","No"
"438","CV","OPD","Male","57","1. White British","310","No"
"439","OPD","CV(DO)","Female","33","1. White British","640","No"
"44","PH","CV(MAIN)","Male","75","1. White British","679","Yes"
"440","CV(RS-VN)","CV(MAIN)","Male","91","","509","No"
"441","CV(DO)","PH(MAIN)","Female","60","","762","No"
"442","CV","OPD","Female","33","","456","No"
"443","CV(RS-VN)","PH(MAIN)","Female","40","1. White British","801","No"
"444","OPD","CV(DO)","Male","64","1. White British","336","No"
"445","CV(RS-VN)","OPD","Female","57","1. White British","103","No"
"446","OPD","HV","Male","72","1. White British","75","No"
"45","PH(V3)","CV(MAIN)","Male","51","1. White British","404","No"
"46","CV(RS-VN)","CV(RS-VN)","Male","53","2. White Irish","594","No"
"47","PH","PH(MAIN)","Male","53","1. White British","21","No"
"48","CV(DO)","CV(MAIN)","Male","48","1. White British","415","No"
"49","CV(V3)","PH(MAIN)","Female","55","1. White British","-30","No"
"5","CV","CV(MAIN)","Male","61","1. White British","577","No"
"50","PH","PH(MAIN)","Female","50","1. White British","866","No"
"500","CV","CV(RS-VN)","Male","41","1. White British","444","No"
"5000","PH(V3)","CV(RS-VN)","","47","1. White British","-78","No"
"5001","HV","CV(RS-VN)","Female","31","1. White British","62","Yes"
"5002","PH","PH(MAIN)","Female","68","1. White British","842","No"
"5003","PH(DO)","CV(RS-VN)","Male","92","1. White British","283","No"
"5004","PH(V3)","PH(MAIN)","Female","63","1. White British","256","No"
"5005","OPD","CV(MAIN)","Female","57","1. White British","166","No"
"5006","CV","OPD","Male","41","1. White British","81","No"
"5007","CV(V3)","CV(DO)","Male","59","1. White British","254","No"
"5008","CV(RS-VN)","HV","Male","44","1. White British","836","No"
"5009","CV(DO)","PH(MAIN)","Female","43","1. White British","429","No"
"501","CV","HF","Male","61","1. White British","601","No"
"5010","OPD","OPD","Female","79","1. White British","626","No"
"5011","CV(RS-VN)","CV(RS-VN)","Female","58","1. White British","212","No"
"5012","PH","CV(MAIN)","Male","48","1. White British","627","No"
"5013","HV","CV(RS-VN)","Female","50","1. White British","355","No"
"5014","CV","CV(MAIN)","Male","59","1. White British","761","No"
"5015","PH(V3)","PH(MAIN)","Female","59","1. White British","212","No"
"5016","CV(V3)","PH(MAIN)","Male","46","1. White British","661","No"
"5017","PH","CV(RS-VN)","Female","47","1. White British","351","No"
"5018","CV(DO)","CV(MAIN)","Male","51","1. White British","598","No"
"5019","HV","PH(MAIN)","Male","66","1. White British","364","No"
"502","CV","PH(MAIN)","Male","58","1. White British","118","No"
"5020","HV","PH(MAIN)","Male","54","1. White British","237","Yes"
"5021","OPD","CV(MAIN)","Female","53","1. White British","493","No"
"5022","HV","PH(MAIN)","Female","48","1. White British","263","No"
"5023","HV","CV(MAIN)","Female","67","1. White British","160","No"
"5024","OPD","PH(MAIN)","Male","47","1. White British","463","No"
"5025","OPD","CV(DO)","Male","67","1. White British","472","No"
"5026","CV(DO)","PH(MAIN)","Female","55","1. White British","1","No"
"5027","PH","OPD","Female","55","1. White British","405","No"
"5028","CV","CV(MAIN)","Male","35","1. White British","646","No"
"5029","CV","CV(MAIN)","Male","34","1. White British","123","No"
"503","CV","CV(MAIN)","Female","64","1. White British","593","No"
"5030","CV(RS-VN)","CV(DO)","Female","54","1. White British","-149","No"
"5031","CV(RS-VN)","PH(MAIN)","Male","77","1. White British","400","No"
"5032","PH","HV","Female","62","1. White British","277","No"
"5033","CV(RS-VN)","CV(DO)","Male","42","1. White British","211","No"
"5034","CV(RS-VN)","CV(MAIN)","Male","97","1. White British","496","No"
"5035","PH(V3)","CV(RS-VN)","Male","74","1. White British","417","No"
"5036","PH(V3)","HV","Male","51","1. White British","624","No"
"5037","CV(RS-VN)","CV(MAIN)","Male","34","1. White British","1298","No"
"5038","CV(V3)","CV(DO)","Female","70","1. White British","579","No"
"5039","PH","OPD","Male","66","1. White British","187","No"
"504","PH(V3)","CV(MAIN)","Female","45","1. White British","380","No"
"5040","CV(RS-VN)","PH(MAIN)","Female","71","2. White Irish","508","No"
"5041","OPD","HV","Female","73","1. White British","847","No"
"5042","CV","CV(MAIN)","Male","36","1. White British","644","No"
"5043","CV","HV","Female","69","1. White British","551","No"
"5044","CV(RS-VN)","CV(MAIN)","Male","75","1. White British","92","No"
"5045","PH","PH(MAIN)","Female","55","1. White British","351","No"
"5046","CV(RS-VN)","CV(RS-VN)","Female","60","1. White British","389","No"
"5047","HV","HV","Female","73","1. White British","463","No"
"5048","OPD","PH(MAIN)","Male","55","1. White British","442","No"
"5049","CV(DO)","PH(MAIN)","Female","64","1. White British","114","No"
"505","CV(DO)","CV(MAIN)","Female","50","1. White British","490","No"
"5050","PH","PH(MAIN)","Female","54","1. White British","288","No"
"5051","HV","CV(MAIN)","Male","80","1. White British","374","Yes"
"5052","PH(DO)","PH(MAIN)","Male","54","1. White British","338","No"
"5053","PH(V3)","CV(MAIN)","Male","61","1. White British","732","No"
"5054","PH(V3)","PH(MAIN)","Male","39","1. White British","353","No"
"5055","HV","PH(MAIN)","Male","47","1. White British","185","No"
"5056","PH","PH(MAIN)","Female","47","1. White British","418","Yes"
"5057","PH","OPD","Male","49","1. White British","-43","No"
"5058","PH","CV(MAIN)","Male","77","1. White British","232","No"
"5059","CV","PH(MAIN)","Female","93","1. White British","614","No"
"506","CV","OPD","Male","57","1. White British","365","No"
"5060","OPD","CV(RS-VN)","Female","64","1. White British","383","No"
"5061","HV","PH(MAIN)","Male","45","1. White British","637","No"
"5062","CV(RS-VN)","PH(MAIN)","Male","48","1. White British","-85","No"
"5063","CV(RS-VN)","CV(RS-VN)","Male","44","1. White British","390","No"
"5064","PH","CV(RS-VN)","Male","37","1. White British","321","No"
"5065","CV(RS-VN)","PH(MAIN)","Male","63","1. White British","541","Yes"
"5066","CV(DO)","OPD","Male","74","1. White British","733","No"
"5067","CV(RS-VN)","OPD","Male","54","10. Other","453","No"
"5068","PH(V3)","OPD","Female","35","1. White British","621","No"
"5069","PH","CV(MAIN)","Male","46","1. White British","118","No"
"507","CV(RS-VN)","PH(MAIN)","Female","46","1. White British","372","No"
"5070","PH(V3)","PH(MAIN)","Male","57","1. White British","532","No"
"5071","CV","CV(RS-VN)","Female","53","2. White Irish","156","No"
"5072","CV(DO)","PH(MAIN)","Female","64","1. White British","106","No"
"5073","OPD","OPD","Female","55","1. White British","820","No"
"5074","CV(RS-VN)","CV(RS-VN)","Male","71","1. White British","643","No"
"5075","CV","CV(MAIN)","Male","73","1. White British","372","No"
"5076","OPD","HV","Female","39","1. White British","259","Yes"
"5077","CV(V3)","CV(MAIN)","Male","42","1. White British","757","No"
"5078","CV","CV(MAIN)","Male","92","1. White British","435","No"
"5079","CV(DO)","CV(RS-VN)","Male","84","1. White British","260","No"
"508","OPD","CV(RS-VN)","Male","46","1. White British","430","No"
"5080","CV(V3)","CV(MAIN)","Female","78","1. White British","-182","No"
"5081","PH","CV(MAIN)","Male","76","1. White British","488","No"
"5082","PH","CV(RS-VN)","Male","58","1. White British","85","No"
"5083","PH","OPD","Male","90",".   White and Asian","160","No"
"5084","PH","OPD","Male","67","1. White British","278","No"
"5085","HV","CV(MAIN)","Male","50","1. White British","424","No"
"5086","PH(V3)","PH(MAIN)","Female","67","1. White British","216","Yes"
"5087","PH(V3)","CV(RS-VN)","Male","49","1. White British","304","No"
"5088","PH","PH(MAIN)","Male","54","1. White British","106","No"
"5089","CV","CV(RS-VN)","Male","62","1. White British","250","No"
"509","PH(V3)","PH(MAIN)","Male","67","1. White British","460","No"
"5090","CV(RS-VN)","PH(MAIN)","Female","56","1. White British","563","No"
"5091","CV","CV(DO)","Female","83","1. White British","473","No"
"5092","CV","CV(RS-VN)","Female","75","1. White British","293","No"
"5093","PH","PH(MAIN)","Female","67","1. White British","270","No"
"5094","CV","CV(DO)","Male","61","1. White British","350","No"
"5095","HV","OPD","Female","70","1. White British","526","No"
"51","HV","CV(MAIN)","Male","37","1. White British","628","No"
"510","OPD","CV(MAIN)","Male","63","1. White British","601","No"
"511","CV","PH(MAIN)","Female","46","1. White British","140","Yes"
"512","CV(RS-VN)","PH(MAIN)","Female","68","1. White British","33","No"
"513","OPD","CV(MAIN)","Male","39","1. White British","441","Yes"
"514","CV(V4)","OPD","Male","54","1. White British","344","No"
"515","PH(V3)","PH(MAIN)","Male","54","1. White British","130","No"
"516","PH","OPD","Male","63","1. White British","-109","No"
"517","PH","PH(MAIN)","Female","68","1. White British","599","No"
"518","CV(V3)","PH(MAIN)","Male","89","1. White British","568","No"
"519","CV(DO)","OPD","Male","57","1. White British","527","No"
"52","CV(DO)","CV(DO)","Female","73","6. Bangladeshi","311","No"
"520","PH(V3)","HF","Male","51","1. White British","449","No"
"521","CV(RS-VN)","CV(MAIN)","Male","47","1. White British","176","No"
"522","HV","PH(MAIN)","Male","53","1. White British","189","No"
"523","OPD","CV(MAIN)","Male","65","1. White British","671","Yes"
"524","HV","HV","Female","59","1. White British","434","No"
"525","PH","PH(MAIN)","Male","54","1. White British","455","No"
"526","PH(V3)","CV(DO)","Female","53","1. White British","796","No"
"527","PH","CV(MAIN)","Male","38","1. White British","177","No"
"528","HV","OPD","Female","54","1. White British","127","No"
"529","PH(V3)","PH(MAIN)","Male","69","1. White British","309","No"
"53","CV(DO)","PH(MAIN)","Male","73","1. White British","285","No"
"530","PH","CV(DO)","Male","60","1. White British","475","No"
"531","CV","CV(MAIN)","Male","64","1. White British","214","No"
"532","CV","CV(RS-VN)","Female","39","1. White British","920","No"
"533","CV(RS-VN)","CV(RS-VN)","Male","67","1. White British","558","No"
"534","CV","CV(MAIN)","Male","60","1. White British","354","No"
"535","PH","CV(MAIN)","Male","34","1. White British","62","Yes"
"536","CV","CV(DO)","Female","62","1. White British","785","No"
"537","OPD","CV(MAIN)","Female","60","1. White British","133","No"
"538","PH","CV(DO)","Male","60","1. White British","422","No"
"539","CV","OPD","Female","62","1. White British","255","No"
"54","HV","CV(MAIN)","Male","35","1. White British","179","No"
"540","CV(RS-VN)","OPD","Female","57","1. White British","-144","No"
"541","PH","HV","Male","61","1. White British","434","No"
"542","CV(DO)","CV(MAIN)","Female","54","1. White British","284","No"
"543","CV(DO)","CV(MAIN)","Male","58","1. White British","433","No"
"544","OPD","HV","Male","65","1. White British","375","No"
"545","CV(V3)","CV(DO)","Male","71","1. White British","7","No"
"546","OPD","CV(MAIN)","Female","66","1. White British","317","No"
"547","CV","HV","Female","60","1. White British","545","No"
"548","HV","CV(DO)","Female","49","1. White British","366","Yes"
"549","PH","PH(MAIN)","Female","52","1. White British","675","No"
"55","PH","CV(RS-VN)","Female","64","5. Pakistani","580","No"
"550","PH","PH(MAIN)","Male","43","1. White British","2","No"
"551","CV(RS-VN)","PH(MAIN)","Male","57",".   White European","666","No"
"552","PH","CV(RS-VN)","Male","65","1. White British","320","No"
"553","PH(V3)","HV","Male","67","1. White British","648","No"
"554","HV","PH(MAIN)","Male","68","1. White British","256","No"
"555","CV","CV(DO)","Male","27","1. White British","304","No"
"556","CV(RS-VN)","PH(MAIN)","Male","75","1. White British","407","No"
"557","HV","CV(MAIN)","Female","43","1. White British","533","No"
"558","CV(V3)","CV(DO)","Male","56","1. White British","-64","No"
"559","HV","OPD","Female","57","1. White British","600","No"
"560","PH(V3)","CV(RS-VN)","Male","59","1. White British","313","No"
"561","CV(V4)","PH(MAIN)","Male","69","1. White British","306","No"
"562","CV(RS-VN)","CV(MAIN)","Male","76","1. White British","241","No"
"563","CV(V3)","PH(MAIN)","Male","69","1. White British","249","No"
"564","CV(RS-VN)","CV(DO)","Female","48","1. White British","564","No"
"565","HV","CV(MAIN)","Female","40","1. White British","443","No"
"566","PH(V3)","PH(MAIN)","Male","38","1. White British","173","No"
"567","CV","CV(RS-VN)","Female","74","1. White British","97","No"
"568","CV(DO)","CV(MAIN)","Female","56","1. White British","426","Yes"
"569","OPD","PH(MAIN)","Male","63","1. White British","584","No"
"57","OPD","PH(MAIN)","Female","59","1. White British","483","No"
"570","CV(DO)","PH(MAIN)","Male","40","1. White British","179","Yes"
"571","CV(V3)","CV(RS-VN)","Male","66","1. White British","336","No"
"572","CV","CV(MAIN)","Male","35","1. White British","380","No"
"573","CV(RS-VN)","PH(MAIN)","Male","61","10. Other","107","No"
"574","CV(V3)","HV","Female","75","1. White British","280","No"
"575","CV(RS-VN)","OPD","Female","27","1. White British","384","No"
"576","CV(V3)","PH(MAIN)","Male","54","1. White British","728","No"
"577","OPD","CV(MAIN)","Female","14","1. White British","763","No"
"578","CV(V3)","OPD","Male","58","1. White British","492","No"
"579","HV","OPD","Female","65","1. White British","508","No"
"58","CV(V3)","CV(MAIN)","Male","59","1. White British","957","No"
"580","OPD","HV","Male","39","1. White British","450","No"
"581","CV","CV(RS-VN)","Female","50","1. White British","184","No"
"582","CV(RS-VN)","OPD","Male","63","1. White British","583","No"
"583","PH","CV(MAIN)","Male","48","1. White British","313","No"
"584","PH","CV(MAIN)","Male","42","1. White British","444","No"
"585","CV(V3)","CV(MAIN)","Male","64","1. White British","761","No"
"586","PH","PH(MAIN)","Male","57","4. Indian","443","No"
"59","CV","CV(MAIN)","Female","63","1. White British","391","No"
"6","CV","CV(RS-VN)","Male","69","1. White British","378","No"
"60","PH(V3)","CV(MAIN)","Female","59","1. White British","656","No"
"61","PH(DO)","PH(MAIN)","Female","62","1. White British","413","No"
"62","HV","CV(MAIN)","Male","63","1. White British","344","No"
"63","PH","CV(MAIN)","Female","39","1. White British","177","No"
"64","CV(V3)","PH(MAIN)","Male","66","1. White British","382","No"
"65","PH(V3)","HV","Male","65","1. White British","974","No"
"66","CV(V3)","CV(RS-VN)","Female","52","1. White British","572","No"
"67","CV(DO)","CV(RS-VN)","Male","53","1. White British","393","No"
"68","CV(V4)","CV(MAIN)","Male","93","1. White British","272","No"
"69","PH","PH(MAIN)","Female","72","1. White British","-19","Yes"
"7","CV","CV(MAIN)","Male","57","1. White British","230","No"
"70","OPD","CV(MAIN)","Male","72","1. White British","521","No"
"7001","PH(V3)","CV(MAIN)","Male","42","1. White British","202","No"
"7002","PH(V3)","CV(MAIN)","Male","43","1. White British","105","No"
"7003","CV(DO)","HV","Male","65","1. White British","406","No"
"7004","CV(DO)","OPD","Male","47","1. White British","788","No"
"7005","PH","PH(MAIN)","Female","46","7. Black Caribbean","283","No"
"7006","CV(RS-VN)","PH(MAIN)","Female","59","6. Bangladeshi","46","Yes"
"7007","PH","PH(MAIN)","Male","56","1. White British","370","No"
"7008","PH","PH(MAIN)","Male","50","1. White British","373","No"
"7009","CV(DO)","HV","Female","62","1. White British","141","No"
"7010","CV(DO)","CV(MAIN)","Male","55","1. White British","276","No"
"7011","CV","PH(MAIN)","Female","54","1. White British","419","No"
"7012","CV","CV(MAIN)","Female","39","1. White British","603","No"
"7013","HV","PH(MAIN)","Female","77","1. White British","240","No"
"7014","OPD","PH(MAIN)","Male","58","1. White British","388","No"
"7015","CV(RS-VN)","PH(MAIN)","Male","51","1. White British","106","No"
"7016","OPD","PH(MAIN)","Male","61","1. White British","504","No"
"7017","PH","CV(MAIN)","Male","55","1. White British","631","No"
"7018","CV(V2)","HV","Female","65","1. White British","316","Yes"
"7019","OPD","PH(MAIN)","Female","29","1. White British","36","Yes"
"7020","CV(V3)","CV(MAIN)","Female","57","1. White British","268","No"
"7021","CV(DO)","CV(MAIN)","Female","53","1. White British","1209","No"
"7022","CV(RS-VN)","CV(RS-VN)","Female","58","1. White British","789","No"
"7023","PH","CV(DO)","Female","65","1. White British","174","No"
"7024","CV(RS-VN)","OPD","Male","40","5. Pakistani","338","No"
"7025","CV(V3)","PH(MAIN)","Male","81","7. Black Caribbean","198","No"
"7026","OPD","CV(MAIN)","Female","56","1. White British","393","No"
"7027","CV","CV(MAIN)","Male","62","1. White British","-97","No"
"7028","CV(DO)","CV(MAIN)","Male","76","1. White British","350","No"
"7029","PH","CV(MAIN)","Male","52","1. White British","129","No"
"7030","PH","CV(RS-VN)","Male","61","1. White British","356","No"
"7031","CV(DO)","OPD","Male","89","1. White British","441","No"
"7032","PH","CV(DO)","Male","50","1. White British","321","No"
"7033","HV","CV(RS-VN)","Female","52","2. White Irish","620","No"
"7034","CV(RS-VN)","CV(MAIN)","Male","76","1. White British","642","No"
"7035","PH","OPD","Male","51","1. White British","325","No"
"7036","CV(V3)","PH(MAIN)","Male","50","1. White British","992","No"
"7037","CV(V3)","OPD","Male","63","1. White British","593","No"
"7038","CV(DO)","PH(MAIN)","Male","73","1. White British","4","No"
"7039","CV","CV(RS-VN)","Male","42","1. White British","457","Yes"
"7040","OPD","PH(MAIN)","Male","63","1. White British","330","No"
"7041","CV","CV(MAIN)","Female","41","1. White British","596","No"
"7042","CV(RS-VN)","PH(MAIN)","Female","62","1. White British","572","No"
"7043","HV","OPD","Female","62","1. White British","1120","No"
"7044","PH","CV(MAIN)","Male","72","1. White British","344","No"
"7045","PH","CV(MAIN)","Female","46","1. White British","294","No"
"7046","HV","CV(MAIN)","Male","50","1. White British","440","Yes"
"7047","PH","CV(RS-VN)","Female","47","1. White British","535","No"
"7048","OPD","OPD","Male","53","1. White British","386","No"
"7049","CV(RS-VN)","CV(DO)","Female","60","1. White British","498","No"
"7050","CV(V4)","CV(MAIN)","Female","67","1. White British","311","No"
"7051","OPD","PH(MAIN)","Male","48","1. White British","372","No"
"7052","CV","CV(MAIN)","Female","51","1. White British","663","No"
"7053","PH(V3)","CV(MAIN)","Female","73","1. White British","307","Yes"
"7054","PH(DO)","CV(MAIN)","Male","62","1. White British","389","No"
"7055","CV(RS-VN)","CV(MAIN)","Male","64","1. White British","-82","No"
"7056","OPD","PH(MAIN)","Male","75","1. White British","796","No"
"7057","CV","OPD","Male","53","1. White British","43","No"
"7058","PH(V3)","CV(MAIN)","Female","54","1. White British","481","No"
"7059","CV(V3)","CV(DO)","Male","73",".   White non-European","386","No"
"7060","CV(V3)","CV(DO)","Male","60","1. White British","199","No"
"7061","CV(RS-VN)","CV(DO)","Male","57","1. White British","797","No"
"7062","CV(DO)","PH(MAIN)","Female","58","1. White British","365","No"
"7063","CV","CV(DO)","Male","37","1. White British","177","No"
"7064","OPD","CV(MAIN)","Female","39","1. White British","560","No"
"7065","CV","CV(MAIN)","Female","68","1. White British","615","No"
"7066","CV(RS-VN)","CV(MAIN)","Male","67","1. White British","334","No"
"7067","CV","CV(DO)","Male","69","1. White British","228","No"
"7068","CV(DO)","CV(DO)","Female","71","1. White British","429","No"
"7069","PH(V3)","OPD","Female","50","1. White British","595","No"
"7070","CV(DO)","CV(MAIN)","Male","57","1. White British","556","No"
"7071","PH","OPD","Female","72","1. White British","307","No"
"7072","CV(DO)","CV(RS-VN)","Female","59","1. White British","601","No"
"7073","CV(V2)","CV(DO)","Male","57","1. White British","728","Yes"
"71","CV","OPD","Male","59","1. White British","506","No"
"72","CV(V3)","CV(MAIN)","Male","48","1. White British","-153","No"
"73","PH(V3)","PH(MAIN)","Male","57","1. White British","-37","No"
"74","OPD","OPD","Male","56","1. White British","654","No"
"75","CV","CV(MAIN)","Male","69","1. White British","252","Yes"
"76","PH","CV(RS-VN)","Female","69","1. White British","257","No"
"77","CV(RS-VN)","CV(MAIN)","Female","54","1. White British","-268","No"
"78","PH(V3)","CV(DO)","Male","60","1. White British","328","No"
"79","PH","CV(DO)","Female","48","1. White British","167","No"
"8","CV(V3)","CV(RS-VN)","Male","75","1. White British","427","No"
"80","CV(V3)","CV(MAIN)","Male","57","1. White British","527","Yes"
"81","CV(V3)","CV(MAIN)","Female","31","1. White British","355","No"
"82","CV","PH(MAIN)","Female","70","1. White British","463","No"
"83","OPD","CV(DO)","Male","70","1. White British","358","No"
"84","PH(V3)","PH(MAIN)","Female","33","1. White British","591","No"
"85","CV","CV(MAIN)","Female","49","1. White British","955","No"
"86","CV(V3)","CV(DO)","Female","67","1. White British","230","No"
"87","CV(V3)","PH(MAIN)","Male","63","1. White British","742","No"
"88","CV(DO)","CV(RS-VN)","Male","55","1. White British","300","Yes"
"89","CV(V3)","CV(MAIN)","Male","60",".   White European","853","No"
"9","PH(V3)","CV(DO)","Male","72","1. White British","-107","No"
"90","CV(DO)","PH(MAIN)","Female","53","1. White British","497","No"
"91","HV","CV(RS-VN)","Female","53","1. White British","699","No"
"92","CV(V3)","CV(DO)","Male","61","1. White British","723","No"
"93","CV(DO)","PH(MAIN)","Male","81","1. White British","313","No"
"94","PH","HV","Female","83","1. White British","448","No"
"95","CV(RS-VN)","CV(MAIN)","Male","47","1. White British","128","No"
"96","OPD","HV","Male","31","1. White British","219","No"
"97","CV","PH(MAIN)","Female","66","7. Black Caribbean","634","No"
"98","PH","CV(MAIN)","Female","83","1. White British","84","No"
"99","PH(V3)","CV(DO)","Female","61","1. White British","347","No"
